,n,c,p,start,end,time,execution_start,execution_end
0,100,2,0.02,,,0.002843852969817817,2023-03-08 15:09:20.375437,2023-03-08 15:09:20.378280
0,100,3,0.03,,,0.0029667720082215965,2023-03-08 15:09:20.382956,2023-03-08 15:09:20.385922
0,100,4,0.04,,,0.0038233009981922805,2023-03-08 15:09:20.388616,2023-03-08 15:09:20.392440
0,100,5,0.05,,,0.0038339169695973396,2023-03-08 15:09:20.395332,2023-03-08 15:09:20.399167
0,100,6,0.06,,,0.004678922996390611,2023-03-08 15:09:20.402652,2023-03-08 15:09:20.407331
0,100,7,0.07,,,0.004740453034173697,2023-03-08 15:09:20.411207,2023-03-08 15:09:20.415948
0,100,8,0.08,,,0.005419726017862558,2023-03-08 15:09:20.419890,2023-03-08 15:09:20.425311
0,100,9,0.09,,,0.006329683004878461,2023-03-08 15:09:20.430037,2023-03-08 15:09:20.436367
0,100,10,0.1,,,0.006487594044301659,2023-03-08 15:09:20.441459,2023-03-08 15:09:20.447946
0,121,2,0.01652892561983471,,,0.003419202985242009,2023-03-08 15:09:20.453437,2023-03-08 15:09:20.456855
0,121,3,0.024793388429752067,,,0.003614687011577189,2023-03-08 15:09:20.459476,2023-03-08 15:09:20.463089
0,121,4,0.03305785123966942,,,0.004549438017420471,2023-03-08 15:09:20.466393,2023-03-08 15:09:20.470942
0,121,5,0.04132231404958678,,,0.004823703027796,2023-03-08 15:09:20.474452,2023-03-08 15:09:20.479276
0,121,6,0.049586776859504134,,,0.005347650032490492,2023-03-08 15:09:20.483199,2023-03-08 15:09:20.488547
0,121,7,0.05785123966942149,,,0.006011557998135686,2023-03-08 15:09:20.492975,2023-03-08 15:09:20.498986
0,121,8,0.06611570247933884,,,0.006098300043959171,2023-03-08 15:09:20.503966,2023-03-08 15:09:20.510074
0,121,9,0.0743801652892562,,,0.006896093022078276,2023-03-08 15:09:20.515108,2023-03-08 15:09:20.522004
0,121,10,0.08264462809917356,,,0.0071867009974084795,2023-03-08 15:09:20.527582,2023-03-08 15:09:20.534768
0,144,2,0.013888888888888888,,,0.003720357024576515,2023-03-08 15:09:20.540582,2023-03-08 15:09:20.544303
0,144,3,0.020833333333333332,,,0.0044184859725646675,2023-03-08 15:09:20.547236,2023-03-08 15:09:20.551656
0,144,4,0.027777777777777776,,,0.00497616600478068,2023-03-08 15:09:20.555135,2023-03-08 15:09:20.560111
0,144,5,0.034722222222222224,,,0.005402963957749307,2023-03-08 15:09:20.564094,2023-03-08 15:09:20.569497
0,144,6,0.041666666666666664,,,0.005932008964009583,2023-03-08 15:09:20.573947,2023-03-08 15:09:20.579879
0,144,7,0.04861111111111111,,,0.007068251026794314,2023-03-08 15:09:20.584620,2023-03-08 15:09:20.591688
0,144,8,0.05555555555555555,,,0.0074354049866087735,2023-03-08 15:09:20.597199,2023-03-08 15:09:20.604635
0,144,9,0.0625,,,0.008286695985589176,2023-03-08 15:09:20.610382,2023-03-08 15:09:20.618668
0,144,10,0.06944444444444445,,,0.008755118993576616,2023-03-08 15:09:20.625118,2023-03-08 15:09:20.633873
0,169,2,0.011834319526627219,,,0.0045133300009183586,2023-03-08 15:09:20.640885,2023-03-08 15:09:20.645399
0,169,3,0.01775147928994083,,,0.004838021006435156,2023-03-08 15:09:20.648316,2023-03-08 15:09:20.653155
0,169,4,0.023668639053254437,,,0.005687077005859464,2023-03-08 15:09:20.656704,2023-03-08 15:09:20.662391
0,169,5,0.029585798816568046,,,0.03605810203589499,2023-03-08 15:09:20.666765,2023-03-08 15:09:20.702823
0,169,6,0.03550295857988166,,,0.007485968992114067,2023-03-08 15:09:20.707868,2023-03-08 15:09:20.715354
0,169,7,0.04142011834319527,,,0.008245629025623202,2023-03-08 15:09:20.720987,2023-03-08 15:09:20.729233
0,169,8,0.047337278106508875,,,0.008515144989360124,2023-03-08 15:09:20.735394,2023-03-08 15:09:20.743909
0,169,9,0.05325443786982249,,,0.01021486398531124,2023-03-08 15:09:20.750461,2023-03-08 15:09:20.760676
0,169,10,0.05917159763313609,,,0.011232796008698642,2023-03-08 15:09:20.768996,2023-03-08 15:09:20.780229
0,196,2,0.01020408163265306,,,0.005519738013390452,2023-03-08 15:09:20.788465,2023-03-08 15:09:20.793986
0,196,3,0.015306122448979591,,,0.005755382007919252,2023-03-08 15:09:20.797685,2023-03-08 15:09:20.803441
0,196,4,0.02040816326530612,,,0.007027952990029007,2023-03-08 15:09:20.807494,2023-03-08 15:09:20.814523
0,196,5,0.025510204081632654,,,0.007701987982727587,2023-03-08 15:09:20.819410,2023-03-08 15:09:20.827113
0,196,6,0.030612244897959183,,,0.008527436992153525,2023-03-08 15:09:20.832759,2023-03-08 15:09:20.841286
0,196,7,0.03571428571428571,,,0.009538804006297141,2023-03-08 15:09:20.847469,2023-03-08 15:09:20.857008
0,196,8,0.04081632653061224,,,0.010024828021414578,2023-03-08 15:09:20.864001,2023-03-08 15:09:20.874026
0,196,9,0.04591836734693878,,,0.011027253000065684,2023-03-08 15:09:20.881146,2023-03-08 15:09:20.892174
0,196,10,0.05102040816326531,,,0.012164752988610417,2023-03-08 15:09:20.900115,2023-03-08 15:09:20.912281
0,225,2,0.008888888888888889,,,0.0061385289882309735,2023-03-08 15:09:20.921179,2023-03-08 15:09:20.927320
0,225,3,0.013333333333333334,,,0.0070879459963180125,2023-03-08 15:09:20.930920,2023-03-08 15:09:20.938008
0,225,4,0.017777777777777778,,,0.007467880961485207,2023-03-08 15:09:20.942725,2023-03-08 15:09:20.950193
0,225,5,0.022222222222222223,,,0.008403679006733,2023-03-08 15:09:20.955523,2023-03-08 15:09:20.963927
0,225,6,0.02666666666666667,,,0.009582175989635289,2023-03-08 15:09:20.969920,2023-03-08 15:09:20.979502
0,225,7,0.03111111111111111,,,0.010312850994523615,2023-03-08 15:09:20.986214,2023-03-08 15:09:20.996526
0,225,8,0.035555555555555556,,,0.012607615033630282,2023-03-08 15:09:21.003716,2023-03-08 15:09:21.016324
0,225,9,0.04,,,0.013735056039877236,2023-03-08 15:09:21.025136,2023-03-08 15:09:21.038872
0,225,10,0.044444444444444446,,,0.014797755982726812,2023-03-08 15:09:21.048547,2023-03-08 15:09:21.063345
0,256,2,0.0078125,,,0.00715911400038749,2023-03-08 15:09:21.074683,2023-03-08 15:09:21.081843
0,256,3,0.01171875,,,0.008698128978721797,2023-03-08 15:09:21.085781,2023-03-08 15:09:21.094480
0,256,4,0.015625,,,0.009014158975332975,2023-03-08 15:09:21.099720,2023-03-08 15:09:21.108735
0,256,5,0.01953125,,,0.010274718049913645,2023-03-08 15:09:21.114535,2023-03-08 15:09:21.124810
0,256,6,0.0234375,,,0.012229844985995442,2023-03-08 15:09:21.131904,2023-03-08 15:09:21.144134
0,256,7,0.02734375,,,0.014152286050375551,2023-03-08 15:09:21.152505,2023-03-08 15:09:21.166658
0,256,8,0.03125,,,0.013447033008560538,2023-03-08 15:09:21.175340,2023-03-08 15:09:21.188788
0,256,9,0.03515625,,,0.015153944958001375,2023-03-08 15:09:21.198824,2023-03-08 15:09:21.213978
0,256,10,0.0390625,,,0.015972551016602665,2023-03-08 15:09:21.224905,2023-03-08 15:09:21.240878
0,289,2,0.006920415224913495,,,0.00855746999150142,2023-03-08 15:09:21.252859,2023-03-08 15:09:21.261416
0,289,3,0.010380622837370242,,,0.009030082961544394,2023-03-08 15:09:21.266396,2023-03-08 15:09:21.275427
0,289,4,0.01384083044982699,,,0.010121976025402546,2023-03-08 15:09:21.280768,2023-03-08 15:09:21.290890
0,289,5,0.01730103806228374,,,0.011377157003153116,2023-03-08 15:09:21.297234,2023-03-08 15:09:21.308612
0,289,6,0.020761245674740483,,,0.01358461898053065,2023-03-08 15:09:21.316346,2023-03-08 15:09:21.329932
0,289,7,0.02422145328719723,,,0.016094213002361357,2023-03-08 15:09:21.341168,2023-03-08 15:09:21.357264
0,289,8,0.02768166089965398,,,0.015637314005289227,2023-03-08 15:09:21.367180,2023-03-08 15:09:21.382819
0,289,9,0.031141868512110725,,,0.01682663505198434,2023-03-08 15:09:21.392973,2023-03-08 15:09:21.409800
0,289,10,0.03460207612456748,,,0.017993258021306247,2023-03-08 15:09:21.421744,2023-03-08 15:09:21.439739
0,324,2,0.006172839506172839,,,0.009392277977894992,2023-03-08 15:09:21.453463,2023-03-08 15:09:21.462856
0,324,3,0.009259259259259259,,,0.009702860959805548,2023-03-08 15:09:21.467922,2023-03-08 15:09:21.477626
0,324,4,0.012345679012345678,,,0.011597365024499595,2023-03-08 15:09:21.483775,2023-03-08 15:09:21.495372
0,324,5,0.015432098765432098,,,0.013163477997295558,2023-03-08 15:09:21.502643,2023-03-08 15:09:21.515808
0,324,6,0.018518518518518517,,,0.01454681798350066,2023-03-08 15:09:21.524727,2023-03-08 15:09:21.539274
0,324,7,0.021604938271604937,,,0.01596200402127579,2023-03-08 15:09:21.548868,2023-03-08 15:09:21.564829
0,324,8,0.024691358024691357,,,0.017214810010045767,2023-03-08 15:09:21.575845,2023-03-08 15:09:21.593059
0,324,9,0.027777777777777776,,,0.0195494539802894,2023-03-08 15:09:21.604631,2023-03-08 15:09:21.624181
0,324,10,0.030864197530864196,,,0.021053057978861034,2023-03-08 15:09:21.637705,2023-03-08 15:09:21.658758
0,361,2,0.00554016620498615,,,0.010130706010386348,2023-03-08 15:09:21.674225,2023-03-08 15:09:21.684357
0,361,3,0.008310249307479225,,,0.011267716996371746,2023-03-08 15:09:21.689837,2023-03-08 15:09:21.701104
0,361,4,0.0110803324099723,,,0.012333210033830255,2023-03-08 15:09:21.707609,2023-03-08 15:09:21.719943
0,361,5,0.013850415512465374,,,0.014486613974440843,2023-03-08 15:09:21.727601,2023-03-08 15:09:21.742088
0,361,6,0.01662049861495845,,,0.01636715099448338,2023-03-08 15:09:21.751327,2023-03-08 15:09:21.767693
0,361,7,0.019390581717451522,,,0.017892547009978443,2023-03-08 15:09:21.778477,2023-03-08 15:09:21.796370
0,361,8,0.0221606648199446,,,0.020366940996609628,2023-03-08 15:09:21.808359,2023-03-08 15:09:21.828726
0,361,9,0.024930747922437674,,,0.02102400502189994,2023-03-08 15:09:21.843039,2023-03-08 15:09:21.864080
0,361,10,0.027700831024930747,,,0.022874718997627497,2023-03-08 15:09:21.880443,2023-03-08 15:09:21.903318
0,100,2,0.02,,,0.0030391979962587357,2023-03-08 15:09:21.919908,2023-03-08 15:09:21.922949
0,100,3,0.03,,,0.002877725986763835,2023-03-08 15:09:21.925654,2023-03-08 15:09:21.928531
0,100,4,0.04,,,0.0032856659963726997,2023-03-08 15:09:21.931479,2023-03-08 15:09:21.934764
0,100,5,0.05,,,0.0038418800104409456,2023-03-08 15:09:21.937896,2023-03-08 15:09:21.941738
0,100,6,0.06,,,0.004403261002153158,2023-03-08 15:09:21.945233,2023-03-08 15:09:21.949636
0,100,7,0.07,,,0.005048242048360407,2023-03-08 15:09:21.953604,2023-03-08 15:09:21.958651
0,100,8,0.08,,,0.005416024010628462,2023-03-08 15:09:21.963002,2023-03-08 15:09:21.968419
0,100,9,0.09,,,0.005735127022489905,2023-03-08 15:09:21.973351,2023-03-08 15:09:21.979086
0,100,10,0.1,,,0.0063006990239955485,2023-03-08 15:09:21.984033,2023-03-08 15:09:21.990335
0,121,2,0.01652892561983471,,,0.004251635982654989,2023-03-08 15:09:21.995853,2023-03-08 15:09:22.000105
0,121,3,0.024793388429752067,,,0.003773365984670818,2023-03-08 15:09:22.002967,2023-03-08 15:09:22.006741
0,121,4,0.03305785123966942,,,0.004262460977770388,2023-03-08 15:09:22.009749,2023-03-08 15:09:22.014012
0,121,5,0.04132231404958678,,,0.0045812149764969945,2023-03-08 15:09:22.017552,2023-03-08 15:09:22.022134
0,121,6,0.049586776859504134,,,0.005206780973821878,2023-03-08 15:09:22.026131,2023-03-08 15:09:22.031337
0,121,7,0.05785123966942149,,,0.005635952984448522,2023-03-08 15:09:22.035860,2023-03-08 15:09:22.041496
0,121,8,0.06611570247933884,,,0.0063935869839042425,2023-03-08 15:09:22.046391,2023-03-08 15:09:22.052785
0,121,9,0.0743801652892562,,,0.006979133991990238,2023-03-08 15:09:22.058200,2023-03-08 15:09:22.065179
0,121,10,0.08264462809917356,,,0.0076333339675329626,2023-03-08 15:09:22.071404,2023-03-08 15:09:22.079037
0,144,2,0.013888888888888888,,,0.0041414269944652915,2023-03-08 15:09:22.085238,2023-03-08 15:09:22.089379
0,144,3,0.020833333333333332,,,0.004219160007778555,2023-03-08 15:09:22.092252,2023-03-08 15:09:22.096471
0,144,4,0.027777777777777776,,,0.005150209995917976,2023-03-08 15:09:22.099941,2023-03-08 15:09:22.105092
0,144,5,0.034722222222222224,,,0.005430412013083696,2023-03-08 15:09:22.109195,2023-03-08 15:09:22.114626
0,144,6,0.041666666666666664,,,0.006268222990911454,2023-03-08 15:09:22.118861,2023-03-08 15:09:22.125129
0,144,7,0.04861111111111111,,,0.006983673025388271,2023-03-08 15:09:22.130146,2023-03-08 15:09:22.137130
0,144,8,0.05555555555555555,,,0.00749183603329584,2023-03-08 15:09:22.142527,2023-03-08 15:09:22.150020
0,144,9,0.0625,,,0.00808883603895083,2023-03-08 15:09:22.155698,2023-03-08 15:09:22.163786
0,144,10,0.06944444444444445,,,0.009170184028334916,2023-03-08 15:09:22.170365,2023-03-08 15:09:22.179537
0,169,2,0.011834319526627219,,,0.0044787590159103274,2023-03-08 15:09:22.186876,2023-03-08 15:09:22.191355
0,169,3,0.01775147928994083,,,0.004953748022671789,2023-03-08 15:09:22.194708,2023-03-08 15:09:22.199662
0,169,4,0.023668639053254437,,,0.006025176029652357,2023-03-08 15:09:22.203415,2023-03-08 15:09:22.209440
0,169,5,0.029585798816568046,,,0.006274020008277148,2023-03-08 15:09:22.213843,2023-03-08 15:09:22.220118
0,169,6,0.03550295857988166,,,0.0074598490027710795,2023-03-08 15:09:22.224854,2023-03-08 15:09:22.232315
0,169,7,0.04142011834319527,,,0.008062925015110523,2023-03-08 15:09:22.237633,2023-03-08 15:09:22.245696
0,169,8,0.047337278106508875,,,0.008769366017077118,2023-03-08 15:09:22.252118,2023-03-08 15:09:22.260887
0,169,9,0.05325443786982249,,,0.009464422997552902,2023-03-08 15:09:22.267315,2023-03-08 15:09:22.276779
0,169,10,0.05917159763313609,,,0.011664692021440715,2023-03-08 15:09:22.284667,2023-03-08 15:09:22.296334
0,196,2,0.01020408163265306,,,0.005551933951210231,2023-03-08 15:09:22.304588,2023-03-08 15:09:22.310141
0,196,3,0.015306122448979591,,,0.0060397040215320885,2023-03-08 15:09:22.313744,2023-03-08 15:09:22.319784
0,196,4,0.02040816326530612,,,0.0067731039598584175,2023-03-08 15:09:22.323904,2023-03-08 15:09:22.330679
0,196,5,0.025510204081632654,,,0.009333121997769922,2023-03-08 15:09:22.335722,2023-03-08 15:09:22.345054
0,196,6,0.030612244897959183,,,0.009216558013577014,2023-03-08 15:09:22.350861,2023-03-08 15:09:22.360079
0,196,7,0.03571428571428571,,,0.009759221982676536,2023-03-08 15:09:22.366120,2023-03-08 15:09:22.375879
0,196,8,0.04081632653061224,,,0.010318158951122314,2023-03-08 15:09:22.383861,2023-03-08 15:09:22.394181
0,196,9,0.04591836734693878,,,0.011959560972172767,2023-03-08 15:09:22.401582,2023-03-08 15:09:22.413541
0,196,10,0.05102040816326531,,,0.01253791298950091,2023-03-08 15:09:22.422018,2023-03-08 15:09:22.434558
0,225,2,0.008888888888888889,,,0.006027481984347105,2023-03-08 15:09:22.443798,2023-03-08 15:09:22.449826
0,225,3,0.013333333333333334,,,0.0070009250193834305,2023-03-08 15:09:22.453742,2023-03-08 15:09:22.460743
0,225,4,0.017777777777777778,,,0.007946012017782778,2023-03-08 15:09:22.465017,2023-03-08 15:09:22.472963
0,225,5,0.022222222222222223,,,0.009047193976584822,2023-03-08 15:09:22.477977,2023-03-08 15:09:22.487025
0,225,6,0.02666666666666667,,,0.010293156024999917,2023-03-08 15:09:22.493006,2023-03-08 15:09:22.503299
0,225,7,0.03111111111111111,,,0.011445322015788406,2023-03-08 15:09:22.510498,2023-03-08 15:09:22.521944
0,225,8,0.035555555555555556,,,0.012542382988613099,2023-03-08 15:09:22.529827,2023-03-08 15:09:22.542370
0,225,9,0.04,,,0.013743716990575194,2023-03-08 15:09:22.550713,2023-03-08 15:09:22.564458
0,225,10,0.044444444444444446,,,0.014258584007620811,2023-03-08 15:09:22.574240,2023-03-08 15:09:22.588500
0,256,2,0.0078125,,,0.007401251990813762,2023-03-08 15:09:22.598479,2023-03-08 15:09:22.605881
0,256,3,0.01171875,,,0.007877568015828729,2023-03-08 15:09:22.609998,2023-03-08 15:09:22.617877
0,256,4,0.015625,,,0.00879618595354259,2023-03-08 15:09:22.622959,2023-03-08 15:09:22.631756
0,256,5,0.01953125,,,0.010274717991705984,2023-03-08 15:09:22.637733,2023-03-08 15:09:22.648008
0,256,6,0.0234375,,,0.011313112976495177,2023-03-08 15:09:22.654406,2023-03-08 15:09:22.665720
0,256,7,0.02734375,,,0.01293153699953109,2023-03-08 15:09:22.673414,2023-03-08 15:09:22.686347
0,256,8,0.03125,,,0.014145302004180849,2023-03-08 15:09:22.696267,2023-03-08 15:09:22.710413
0,256,9,0.03515625,,,0.014930802979506552,2023-03-08 15:09:22.720667,2023-03-08 15:09:22.735599
0,256,10,0.0390625,,,0.016895916953217238,2023-03-08 15:09:22.745946,2023-03-08 15:09:22.762843
0,289,2,0.006920415224913495,,,0.008770064974669367,2023-03-08 15:09:22.774887,2023-03-08 15:09:22.783657
0,289,3,0.010380622837370242,,,0.008295006991829723,2023-03-08 15:09:22.788359,2023-03-08 15:09:22.796654
0,289,4,0.01384083044982699,,,0.010230229003354907,2023-03-08 15:09:22.801785,2023-03-08 15:09:22.812016
0,289,5,0.01730103806228374,,,0.01114437700016424,2023-03-08 15:09:22.818087,2023-03-08 15:09:22.829231
0,289,6,0.020761245674740483,,,0.012840882991440594,2023-03-08 15:09:22.836490,2023-03-08 15:09:22.849332
0,289,7,0.02422145328719723,,,0.014524467987939715,2023-03-08 15:09:22.857818,2023-03-08 15:09:22.872343
0,289,8,0.02768166089965398,,,0.0153309220331721,2023-03-08 15:09:22.882030,2023-03-08 15:09:22.897362
0,289,9,0.031141868512110725,,,0.017253852041903883,2023-03-08 15:09:22.908769,2023-03-08 15:09:22.926023
0,289,10,0.03460207612456748,,,0.018558970012236387,2023-03-08 15:09:22.937870,2023-03-08 15:09:22.956430
0,324,2,0.006172839506172839,,,0.008617812010925263,2023-03-08 15:09:22.969660,2023-03-08 15:09:22.978278
0,324,3,0.009259259259259259,,,0.009397096990142018,2023-03-08 15:09:22.982991,2023-03-08 15:09:22.992389
0,324,4,0.012345679012345678,,,0.011356832983437926,2023-03-08 15:09:22.998086,2023-03-08 15:09:23.009444
0,324,5,0.015432098765432098,,,0.012502014986239374,2023-03-08 15:09:23.016797,2023-03-08 15:09:23.029301
0,324,6,0.018518518518518517,,,0.014629927987698466,2023-03-08 15:09:23.037152,2023-03-08 15:09:23.051783
0,324,7,0.021604938271604937,,,0.015175874985288829,2023-03-08 15:09:23.060722,2023-03-08 15:09:23.075899
0,324,8,0.024691358024691357,,,0.017648453009314835,2023-03-08 15:09:23.086708,2023-03-08 15:09:23.104358
0,324,9,0.027777777777777776,,,0.01935103500727564,2023-03-08 15:09:23.116923,2023-03-08 15:09:23.136275
0,324,10,0.030864197530864196,,,0.019937419972848147,2023-03-08 15:09:23.149260,2023-03-08 15:09:23.169198
0,361,2,0.00554016620498615,,,0.009698181005660444,2023-03-08 15:09:23.185975,2023-03-08 15:09:23.195674
0,361,3,0.008310249307479225,,,0.011645556020084769,2023-03-08 15:09:23.201044,2023-03-08 15:09:23.212690
0,361,4,0.0110803324099723,,,0.012709652015473694,2023-03-08 15:09:23.218939,2023-03-08 15:09:23.231650
0,361,5,0.013850415512465374,,,0.013919017976149917,2023-03-08 15:09:23.268608,2023-03-08 15:09:23.282527
0,361,6,0.01662049861495845,,,0.015221620036754757,2023-03-08 15:09:23.291280,2023-03-08 15:09:23.306501
0,361,7,0.019390581717451522,,,0.017412531014997512,2023-03-08 15:09:23.316007,2023-03-08 15:09:23.333420
0,361,8,0.0221606648199446,,,0.01908759499201551,2023-03-08 15:09:23.344703,2023-03-08 15:09:23.363791
0,361,9,0.024930747922437674,,,0.020924342039506882,2023-03-08 15:09:23.375914,2023-03-08 15:09:23.396839
0,361,10,0.027700831024930747,,,0.022202990017831326,2023-03-08 15:09:23.410914,2023-03-08 15:09:23.433118
0,100,2,0.02,,,0.00307607400463894,2023-03-08 15:09:23.449383,2023-03-08 15:09:23.452458
0,100,3,0.03,,,0.00290664000203833,2023-03-08 15:09:23.455402,2023-03-08 15:09:23.458309
0,100,4,0.04,,,0.003396922955289483,2023-03-08 15:09:23.461263,2023-03-08 15:09:23.464659
0,100,5,0.05,,,0.0039279930060729384,2023-03-08 15:09:23.467855,2023-03-08 15:09:23.471782
0,100,6,0.06,,,0.004411362984683365,2023-03-08 15:09:23.475332,2023-03-08 15:09:23.479742
0,100,7,0.07,,,0.005030433007050306,2023-03-08 15:09:23.483795,2023-03-08 15:09:23.488825
0,100,8,0.08,,,0.00522081897361204,2023-03-08 15:09:23.493189,2023-03-08 15:09:23.498410
0,100,9,0.09,,,0.005796935991384089,2023-03-08 15:09:23.503123,2023-03-08 15:09:23.508921
0,100,10,0.1,,,0.006726938008796424,2023-03-08 15:09:23.514018,2023-03-08 15:09:23.520746
0,121,2,0.01652892561983471,,,0.003353272972162813,2023-03-08 15:09:23.526345,2023-03-08 15:09:23.529699
0,121,3,0.024793388429752067,,,0.003629422979429364,2023-03-08 15:09:23.532740,2023-03-08 15:09:23.536368
0,121,4,0.03305785123966942,,,0.003867581021040678,2023-03-08 15:09:23.539647,2023-03-08 15:09:23.543515
0,121,5,0.04132231404958678,,,0.004703158047050238,2023-03-08 15:09:23.547194,2023-03-08 15:09:23.551897
0,121,6,0.049586776859504134,,,0.005305185972247273,2023-03-08 15:09:23.556099,2023-03-08 15:09:23.561404
0,121,7,0.05785123966942149,,,0.005764251051004976,2023-03-08 15:09:23.566291,2023-03-08 15:09:23.572055
0,121,8,0.06611570247933884,,,0.006254813983105123,2023-03-08 15:09:23.576998,2023-03-08 15:09:23.583254
0,121,9,0.0743801652892562,,,0.007002600992564112,2023-03-08 15:09:23.589571,2023-03-08 15:09:23.596574
0,121,10,0.08264462809917356,,,0.008072423981502652,2023-03-08 15:09:23.602684,2023-03-08 15:09:23.610757
0,144,2,0.013888888888888888,,,0.003734603989869356,2023-03-08 15:09:23.617134,2023-03-08 15:09:23.620868
0,144,3,0.020833333333333332,,,0.004101897997315973,2023-03-08 15:09:23.623979,2023-03-08 15:09:23.628081
0,144,4,0.027777777777777776,,,0.004798141017090529,2023-03-08 15:09:23.631577,2023-03-08 15:09:23.636376
0,144,5,0.034722222222222224,,,0.005486564012244344,2023-03-08 15:09:23.640510,2023-03-08 15:09:23.645996
0,144,6,0.041666666666666664,,,0.006458121002651751,2023-03-08 15:09:23.650569,2023-03-08 15:09:23.657028
0,144,7,0.04861111111111111,,,0.006897211016621441,2023-03-08 15:09:23.662146,2023-03-08 15:09:23.669044
0,144,8,0.05555555555555555,,,0.007888672989793122,2023-03-08 15:09:23.674857,2023-03-08 15:09:23.682747
0,144,9,0.0625,,,0.008115375996567309,2023-03-08 15:09:23.689202,2023-03-08 15:09:23.697317
0,144,10,0.06944444444444445,,,0.009106907993555069,2023-03-08 15:09:23.703750,2023-03-08 15:09:23.712858
0,169,2,0.011834319526627219,,,0.004547971999272704,2023-03-08 15:09:23.720170,2023-03-08 15:09:23.724717
0,169,3,0.01775147928994083,,,0.005093639018014073,2023-03-08 15:09:23.728119,2023-03-08 15:09:23.733214
0,169,4,0.023668639053254437,,,0.005633998021949083,2023-03-08 15:09:23.737245,2023-03-08 15:09:23.742878
0,169,5,0.029585798816568046,,,0.006222127994988114,2023-03-08 15:09:23.747350,2023-03-08 15:09:23.753573
0,169,6,0.03550295857988166,,,0.007341258984524757,2023-03-08 15:09:23.758498,2023-03-08 15:09:23.765839
0,169,7,0.04142011834319527,,,0.009058647963684052,2023-03-08 15:09:23.771546,2023-03-08 15:09:23.780605
0,169,8,0.047337278106508875,,,0.008876013976987451,2023-03-08 15:09:23.786652,2023-03-08 15:09:23.795529
0,169,9,0.05325443786982249,,,0.00935770699288696,2023-03-08 15:09:23.802232,2023-03-08 15:09:23.811591
0,169,10,0.05917159763313609,,,0.010339599975850433,2023-03-08 15:09:23.818891,2023-03-08 15:09:23.829230
0,196,2,0.01020408163265306,,,0.0053455549641512334,2023-03-08 15:09:23.837092,2023-03-08 15:09:23.842437
0,196,3,0.015306122448979591,,,0.005666334007401019,2023-03-08 15:09:23.845874,2023-03-08 15:09:23.851541
0,196,4,0.02040816326530612,,,0.006311244971584529,2023-03-08 15:09:23.855420,2023-03-08 15:09:23.861731
0,196,5,0.025510204081632654,,,0.00751495297299698,2023-03-08 15:09:23.866512,2023-03-08 15:09:23.874026
0,196,6,0.030612244897959183,,,0.008284111972898245,2023-03-08 15:09:23.879270,2023-03-08 15:09:23.887555
0,196,7,0.03571428571428571,,,0.009252036979887635,2023-03-08 15:09:23.893811,2023-03-08 15:09:23.903073
0,196,8,0.04081632653061224,,,0.01016960700508207,2023-03-08 15:09:23.910007,2023-03-08 15:09:23.920177
0,196,9,0.04591836734693878,,,0.011124401993583888,2023-03-08 15:09:23.927985,2023-03-08 15:09:23.939110
0,196,10,0.05102040816326531,,,0.012512561050243676,2023-03-08 15:09:23.947578,2023-03-08 15:09:23.960093
0,225,2,0.008888888888888889,,,0.006038795982021838,2023-03-08 15:09:23.969882,2023-03-08 15:09:23.975922
0,225,3,0.013333333333333334,,,0.006943444954231381,2023-03-08 15:09:23.979701,2023-03-08 15:09:23.986644
0,225,4,0.017777777777777778,,,0.007378693961072713,2023-03-08 15:09:23.991702,2023-03-08 15:09:23.999080
0,225,5,0.022222222222222223,,,0.00856389501132071,2023-03-08 15:09:24.004314,2023-03-08 15:09:24.012878
0,225,6,0.02666666666666667,,,0.009741972025949508,2023-03-08 15:09:24.018718,2023-03-08 15:09:24.028459
0,225,7,0.03111111111111111,,,0.010491643974091858,2023-03-08 15:09:24.035328,2023-03-08 15:09:24.045820
0,225,8,0.035555555555555556,,,0.011578787991311401,2023-03-08 15:09:24.053771,2023-03-08 15:09:24.065351
0,225,9,0.04,,,0.01269763900199905,2023-03-08 15:09:24.073756,2023-03-08 15:09:24.086454
0,225,10,0.044444444444444446,,,0.013869290996808559,2023-03-08 15:09:24.095927,2023-03-08 15:09:24.109796
0,256,2,0.0078125,,,0.006949311995413154,2023-03-08 15:09:24.119647,2023-03-08 15:09:24.126597
0,256,3,0.01171875,,,0.007391054998151958,2023-03-08 15:09:24.130744,2023-03-08 15:09:24.138135
0,256,4,0.015625,,,0.008412269002292305,2023-03-08 15:09:24.142960,2023-03-08 15:09:24.151373
0,256,5,0.01953125,,,0.009503953042440116,2023-03-08 15:09:24.156779,2023-03-08 15:09:24.166283
0,256,6,0.0234375,,,0.010801527998410165,2023-03-08 15:09:24.172952,2023-03-08 15:09:24.183754
0,256,7,0.02734375,,,0.01226672000484541,2023-03-08 15:09:24.191270,2023-03-08 15:09:24.203537
0,256,8,0.03125,,,0.013960294018033892,2023-03-08 15:09:24.212422,2023-03-08 15:09:24.226384
0,256,9,0.03515625,,,0.014586556993890554,2023-03-08 15:09:24.236024,2023-03-08 15:09:24.250611
0,256,10,0.0390625,,,0.015655192954000086,2023-03-08 15:09:24.261222,2023-03-08 15:09:24.276878
0,289,2,0.006920415224913495,,,0.008721247024368495,2023-03-08 15:09:24.289021,2023-03-08 15:09:24.297743
0,289,3,0.010380622837370242,,,0.00835297501180321,2023-03-08 15:09:24.302083,2023-03-08 15:09:24.310435
0,289,4,0.01384083044982699,,,0.009818796010222286,2023-03-08 15:09:24.315815,2023-03-08 15:09:24.325634
0,289,5,0.01730103806228374,,,0.010969773982651532,2023-03-08 15:09:24.332170,2023-03-08 15:09:24.343140
0,289,6,0.020761245674740483,,,0.012433850031811744,2023-03-08 15:09:24.350555,2023-03-08 15:09:24.362990
0,289,7,0.02422145328719723,,,0.014245453989133239,2023-03-08 15:09:24.370778,2023-03-08 15:09:24.385025
0,289,8,0.02768166089965398,,,0.015276794962119311,2023-03-08 15:09:24.394982,2023-03-08 15:09:24.410258
0,289,9,0.031141868512110725,,,0.016278732975479215,2023-03-08 15:09:24.420961,2023-03-08 15:09:24.437240
0,289,10,0.03460207612456748,,,0.01812155602965504,2023-03-08 15:09:24.448610,2023-03-08 15:09:24.466732
0,324,2,0.006172839506172839,,,0.00839886098401621,2023-03-08 15:09:24.479659,2023-03-08 15:09:24.488058
0,324,3,0.009259259259259259,,,0.009475319006014615,2023-03-08 15:09:24.492700,2023-03-08 15:09:24.502175
0,324,4,0.012345679012345678,,,0.010819476970937103,2023-03-08 15:09:24.508130,2023-03-08 15:09:24.518950
0,324,5,0.015432098765432098,,,0.01238768600160256,2023-03-08 15:09:24.525783,2023-03-08 15:09:24.538172
0,324,6,0.018518518518518517,,,0.013580497994553298,2023-03-08 15:09:24.546300,2023-03-08 15:09:24.559880
0,324,7,0.021604938271604937,,,0.015412356005981565,2023-03-08 15:09:24.569254,2023-03-08 15:09:24.584666
0,324,8,0.024691358024691357,,,0.01685282599646598,2023-03-08 15:09:24.595969,2023-03-08 15:09:24.612822
0,324,9,0.027777777777777776,,,0.01900504296645522,2023-03-08 15:09:24.624448,2023-03-08 15:09:24.643454
0,324,10,0.030864197530864196,,,0.019813171995338053,2023-03-08 15:09:24.657389,2023-03-08 15:09:24.677202
0,361,2,0.00554016620498615,,,0.00994751398684457,2023-03-08 15:09:24.693165,2023-03-08 15:09:24.703114
0,361,3,0.008310249307479225,,,0.010749845998361707,2023-03-08 15:09:24.708711,2023-03-08 15:09:24.719460
0,361,4,0.0110803324099723,,,0.011863389983773232,2023-03-08 15:09:24.726081,2023-03-08 15:09:24.737946
0,361,5,0.013850415512465374,,,0.013628898013848811,2023-03-08 15:09:24.745661,2023-03-08 15:09:24.759291
0,361,6,0.01662049861495845,,,0.015472278988454491,2023-03-08 15:09:24.768448,2023-03-08 15:09:24.783920
0,361,7,0.019390581717451522,,,0.017077783006243408,2023-03-08 15:09:24.794296,2023-03-08 15:09:24.811373
0,361,8,0.0221606648199446,,,0.01954680000199005,2023-03-08 15:09:24.822934,2023-03-08 15:09:24.842482
0,361,9,0.024930747922437674,,,0.020847795996814966,2023-03-08 15:09:24.856086,2023-03-08 15:09:24.876934
0,361,10,0.027700831024930747,,,0.02172646496910602,2023-03-08 15:09:24.891647,2023-03-08 15:09:24.913375
0,100,2,0.02,,,0.0030102140153758228,2023-03-08 15:09:24.928975,2023-03-08 15:09:24.931985
0,100,3,0.03,,,0.003005673992447555,2023-03-08 15:09:24.934735,2023-03-08 15:09:24.937741
0,100,4,0.04,,,0.0032545170397497714,2023-03-08 15:09:24.942233,2023-03-08 15:09:24.945488
0,100,5,0.05,,,0.003877918003126979,2023-03-08 15:09:24.949447,2023-03-08 15:09:24.953327
0,100,6,0.06,,,0.004352626041509211,2023-03-08 15:09:24.957022,2023-03-08 15:09:24.961374
0,100,7,0.07,,,0.005021493008825928,2023-03-08 15:09:24.965484,2023-03-08 15:09:24.970504
0,100,8,0.08,,,0.005558568984270096,2023-03-08 15:09:24.974947,2023-03-08 15:09:24.980506
0,100,9,0.09,,,0.005619679985102266,2023-03-08 15:09:24.986501,2023-03-08 15:09:24.992122
0,100,10,0.1,,,0.006457003008108586,2023-03-08 15:09:24.997216,2023-03-08 15:09:25.003672
0,121,2,0.01652892561983471,,,0.0032843390363268554,2023-03-08 15:09:25.009500,2023-03-08 15:09:25.012783
0,121,3,0.024793388429752067,,,0.0037175629986450076,2023-03-08 15:09:25.015866,2023-03-08 15:09:25.019585
0,121,4,0.03305785123966942,,,0.004108182969503105,2023-03-08 15:09:25.022991,2023-03-08 15:09:25.027100
0,121,5,0.04132231404958678,,,0.004673125979024917,2023-03-08 15:09:25.030802,2023-03-08 15:09:25.035476
0,121,6,0.049586776859504134,,,0.0051917649689130485,2023-03-08 15:09:25.039748,2023-03-08 15:09:25.044940
0,121,7,0.05785123966942149,,,0.005982503993436694,2023-03-08 15:09:25.049592,2023-03-08 15:09:25.055574
0,121,8,0.06611570247933884,,,0.006640195962972939,2023-03-08 15:09:25.060652,2023-03-08 15:09:25.067292
0,121,9,0.0743801652892562,,,0.007826654007658362,2023-03-08 15:09:25.073520,2023-03-08 15:09:25.081348
0,121,10,0.08264462809917356,,,0.007267017965205014,2023-03-08 15:09:25.087638,2023-03-08 15:09:25.094905
0,144,2,0.013888888888888888,,,0.0038263750029727817,2023-03-08 15:09:25.101197,2023-03-08 15:09:25.105023
0,144,3,0.020833333333333332,,,0.004164404992479831,2023-03-08 15:09:25.108521,2023-03-08 15:09:25.112685
0,144,4,0.027777777777777776,,,0.004717893956694752,2023-03-08 15:09:25.116546,2023-03-08 15:09:25.121263
0,144,5,0.034722222222222224,,,0.005614163004793227,2023-03-08 15:09:25.125637,2023-03-08 15:09:25.131252
0,144,6,0.041666666666666664,,,0.006063589011318982,2023-03-08 15:09:25.136294,2023-03-08 15:09:25.142359
0,144,7,0.04861111111111111,,,0.007070905005093664,2023-03-08 15:09:25.147691,2023-03-08 15:09:25.154763
0,144,8,0.05555555555555555,,,0.007811149000190198,2023-03-08 15:09:25.160807,2023-03-08 15:09:25.168618
0,144,9,0.0625,,,0.008267349970992655,2023-03-08 15:09:25.175357,2023-03-08 15:09:25.183626
0,144,10,0.06944444444444445,,,0.00916515599237755,2023-03-08 15:09:25.190835,2023-03-08 15:09:25.200000
0,169,2,0.011834319526627219,,,0.004965619998984039,2023-03-08 15:09:25.208046,2023-03-08 15:09:25.213012
0,169,3,0.01775147928994083,,,0.005014788010157645,2023-03-08 15:09:25.216792,2023-03-08 15:09:25.221805
0,169,4,0.023668639053254437,,,0.0056219149846583605,2023-03-08 15:09:25.226141,2023-03-08 15:09:25.231764
0,169,5,0.029585798816568046,,,0.00667392899049446,2023-03-08 15:09:25.236259,2023-03-08 15:09:25.242933
0,169,6,0.03550295857988166,,,0.007428212033119053,2023-03-08 15:09:25.248395,2023-03-08 15:09:25.255823
0,169,7,0.04142011834319527,,,0.008407311048358679,2023-03-08 15:09:25.262043,2023-03-08 15:09:25.270451
0,169,8,0.047337278106508875,,,0.00935086200479418,2023-03-08 15:09:25.277984,2023-03-08 15:09:25.287336
0,169,9,0.05325443786982249,,,0.010184483020566404,2023-03-08 15:09:25.294819,2023-03-08 15:09:25.305004
0,169,10,0.05917159763313609,,,0.010716392018366605,2023-03-08 15:09:25.313566,2023-03-08 15:09:25.324284
0,196,2,0.01020408163265306,,,0.00528570101596415,2023-03-08 15:09:25.333327,2023-03-08 15:09:25.338613
0,196,3,0.015306122448979591,,,0.0056886139791458845,2023-03-08 15:09:25.342688,2023-03-08 15:09:25.348377
0,196,4,0.02040816326530612,,,0.006847343989647925,2023-03-08 15:09:25.353016,2023-03-08 15:09:25.359864
0,196,5,0.025510204081632654,,,0.007514254946727306,2023-03-08 15:09:25.365359,2023-03-08 15:09:25.372873
0,196,6,0.030612244897959183,,,0.008226633013691753,2023-03-08 15:09:25.379192,2023-03-08 15:09:25.387420
0,196,7,0.03571428571428571,,,0.009370138985104859,2023-03-08 15:09:25.394335,2023-03-08 15:09:25.403706
0,196,8,0.04081632653061224,,,0.010279048001393676,2023-03-08 15:09:25.412021,2023-03-08 15:09:25.422301
0,196,9,0.04591836734693878,,,0.011125939025077969,2023-03-08 15:09:25.430878,2023-03-08 15:09:25.442005
0,196,10,0.05102040816326531,,,0.012263159034773707,2023-03-08 15:09:25.451211,2023-03-08 15:09:25.463473
0,225,2,0.008888888888888889,,,0.006444432015996426,2023-03-08 15:09:25.473867,2023-03-08 15:09:25.480312
0,225,3,0.013333333333333334,,,0.006779808027204126,2023-03-08 15:09:25.484764,2023-03-08 15:09:25.491546
0,225,4,0.017777777777777778,,,0.007620414020493627,2023-03-08 15:09:25.496573,2023-03-08 15:09:25.504194
0,225,5,0.022222222222222223,,,0.008675011980812997,2023-03-08 15:09:25.510233,2023-03-08 15:09:25.518908
0,225,6,0.02666666666666667,,,0.009995283966418356,2023-03-08 15:09:25.525766,2023-03-08 15:09:25.535761
0,225,7,0.03111111111111111,,,0.01115743798436597,2023-03-08 15:09:25.543863,2023-03-08 15:09:25.555022
0,225,8,0.035555555555555556,,,0.01194175099954009,2023-03-08 15:09:25.563835,2023-03-08 15:09:25.575777
0,225,9,0.04,,,0.013432295992970467,2023-03-08 15:09:25.584998,2023-03-08 15:09:25.598433
0,225,10,0.044444444444444446,,,0.01415675604948774,2023-03-08 15:09:25.609277,2023-03-08 15:09:25.623435
0,256,2,0.0078125,,,0.006959089019801468,2023-03-08 15:09:25.634573,2023-03-08 15:09:25.641531
0,256,3,0.01171875,,,0.007472419994883239,2023-03-08 15:09:25.645888,2023-03-08 15:09:25.653361
0,256,4,0.015625,,,0.008705532003659755,2023-03-08 15:09:25.658732,2023-03-08 15:09:25.667438
0,256,5,0.01953125,,,0.010257955989800394,2023-03-08 15:09:25.674080,2023-03-08 15:09:25.684320
0,256,6,0.0234375,,,0.011082987010013312,2023-03-08 15:09:25.692307,2023-03-08 15:09:25.703391
0,256,7,0.02734375,,,0.012143660977017134,2023-03-08 15:09:25.711494,2023-03-08 15:09:25.723638
0,256,8,0.03125,,,0.013309795001987368,2023-03-08 15:09:25.732628,2023-03-08 15:09:25.745940
0,256,9,0.03515625,,,0.014762416016310453,2023-03-08 15:09:25.755466,2023-03-08 15:09:25.770229
0,256,10,0.0390625,,,0.016911630984395742,2023-03-08 15:09:25.782043,2023-03-08 15:09:25.798956
0,289,2,0.006920415224913495,,,0.007821905019227415,2023-03-08 15:09:25.812142,2023-03-08 15:09:25.819966
0,289,3,0.010380622837370242,,,0.008957237994764,2023-03-08 15:09:25.824867,2023-03-08 15:09:25.833824
0,289,4,0.01384083044982699,,,0.009952402033377439,2023-03-08 15:09:25.840471,2023-03-08 15:09:25.850423
0,289,5,0.01730103806228374,,,0.011152060003951192,2023-03-08 15:09:25.858379,2023-03-08 15:09:25.869531
0,289,6,0.020761245674740483,,,0.012707976042293012,2023-03-08 15:09:25.877046,2023-03-08 15:09:25.889754
0,289,7,0.02422145328719723,,,0.0431796420016326,2023-03-08 15:09:25.898778,2023-03-08 15:09:25.941959
0,289,8,0.02768166089965398,,,0.01513145596254617,2023-03-08 15:09:25.951507,2023-03-08 15:09:25.966639
0,289,9,0.031141868512110725,,,0.01941479998640716,2023-03-08 15:09:25.979596,2023-03-08 15:09:25.999013
0,289,10,0.03460207612456748,,,0.018647597986273468,2023-03-08 15:09:26.011768,2023-03-08 15:09:26.030417
0,324,2,0.006172839506172839,,,0.009900300996378064,2023-03-08 15:09:26.043532,2023-03-08 15:09:26.053434
0,324,3,0.009259259259259259,,,0.010193981986958534,2023-03-08 15:09:26.058971,2023-03-08 15:09:26.069166
0,324,4,0.012345679012345678,,,0.011633403017185628,2023-03-08 15:09:26.075862,2023-03-08 15:09:26.087496
0,324,5,0.015432098765432098,,,0.01260984904365614,2023-03-08 15:09:26.095102,2023-03-08 15:09:26.107712
0,324,6,0.018518518518518517,,,0.01471995300380513,2023-03-08 15:09:26.116703,2023-03-08 15:09:26.131424
0,324,7,0.021604938271604937,,,0.01654238300397992,2023-03-08 15:09:26.141336,2023-03-08 15:09:26.157880
0,324,8,0.024691358024691357,,,0.018033345986623317,2023-03-08 15:09:26.169517,2023-03-08 15:09:26.187550
0,324,9,0.027777777777777776,,,0.01986031496198848,2023-03-08 15:09:26.200400,2023-03-08 15:09:26.220262
0,324,10,0.030864197530864196,,,0.02090681198751554,2023-03-08 15:09:26.236014,2023-03-08 15:09:26.256922
0,361,2,0.00554016620498615,,,0.010691948002204299,2023-03-08 15:09:26.273918,2023-03-08 15:09:26.284610
0,361,3,0.008310249307479225,,,0.011560698971152306,2023-03-08 15:09:26.290555,2023-03-08 15:09:26.302114
0,361,4,0.0110803324099723,,,0.012971973977982998,2023-03-08 15:09:26.309632,2023-03-08 15:09:26.322604
0,361,5,0.013850415512465374,,,0.014258375042118132,2023-03-08 15:09:26.331161,2023-03-08 15:09:26.345420
0,361,6,0.01662049861495845,,,0.017253851983696222,2023-03-08 15:09:26.355608,2023-03-08 15:09:26.372861
0,361,7,0.019390581717451522,,,0.017963366000913084,2023-03-08 15:09:26.385444,2023-03-08 15:09:26.403408
0,361,8,0.0221606648199446,,,0.019499027985148132,2023-03-08 15:09:26.417349,2023-03-08 15:09:26.436849
0,361,9,0.024930747922437674,,,0.021497106994502246,2023-03-08 15:09:26.453258,2023-03-08 15:09:26.474756
0,361,10,0.027700831024930747,,,0.02265290403738618,2023-03-08 15:09:26.491454,2023-03-08 15:09:26.514108
0,100,2,0.02,,,0.0031736420351080596,2023-03-08 15:09:26.533083,2023-03-08 15:09:26.536258
0,100,3,0.03,,,0.0028502779896371067,2023-03-08 15:09:26.539665,2023-03-08 15:09:26.542515
0,100,4,0.04,,,0.003178740036673844,2023-03-08 15:09:26.546301,2023-03-08 15:09:26.549480
0,100,5,0.05,,,0.004098545003216714,2023-03-08 15:09:26.553330,2023-03-08 15:09:26.557428
0,100,6,0.06,,,0.004395230032969266,2023-03-08 15:09:26.561730,2023-03-08 15:09:26.566126
0,100,7,0.07,,,0.00476126599824056,2023-03-08 15:09:26.570738,2023-03-08 15:09:26.575500
0,100,8,0.08,,,0.005429433018434793,2023-03-08 15:09:26.580493,2023-03-08 15:09:26.585923
0,100,9,0.09,,,0.006034535996150225,2023-03-08 15:09:26.591405,2023-03-08 15:09:26.597440
0,100,10,0.1,,,0.006699980003759265,2023-03-08 15:09:26.603768,2023-03-08 15:09:26.610469
0,121,2,0.01652892561983471,,,0.0035055949701927602,2023-03-08 15:09:26.616710,2023-03-08 15:09:26.620215
0,121,3,0.024793388429752067,,,0.0034771700156852603,2023-03-08 15:09:26.623786,2023-03-08 15:09:26.627263
0,121,4,0.03305785123966942,,,0.004089326015673578,2023-03-08 15:09:26.631507,2023-03-08 15:09:26.635597
0,121,5,0.04132231404958678,,,0.00465252302819863,2023-03-08 15:09:26.639723,2023-03-08 15:09:26.644377
0,121,6,0.049586776859504134,,,0.00532125000609085,2023-03-08 15:09:26.648985,2023-03-08 15:09:26.654308
0,121,7,0.05785123966942149,,,0.005927329009864479,2023-03-08 15:09:26.659287,2023-03-08 15:09:26.665215
0,121,8,0.06611570247933884,,,0.00657175196101889,2023-03-08 15:09:26.670977,2023-03-08 15:09:26.677548
0,121,9,0.0743801652892562,,,0.007153456972446293,2023-03-08 15:09:26.683755,2023-03-08 15:09:26.690908
0,121,10,0.08264462809917356,,,0.007897052972111851,2023-03-08 15:09:26.697504,2023-03-08 15:09:26.705402
0,144,2,0.013888888888888888,,,0.004037712991703302,2023-03-08 15:09:26.713140,2023-03-08 15:09:26.717176
0,144,3,0.020833333333333332,,,0.004539171990472823,2023-03-08 15:09:26.721086,2023-03-08 15:09:26.725625
0,144,4,0.027777777777777776,,,0.004800445982255042,2023-03-08 15:09:26.729927,2023-03-08 15:09:26.734727
0,144,5,0.034722222222222224,,,0.005930123967118561,2023-03-08 15:09:26.739240,2023-03-08 15:09:26.745171
0,144,6,0.041666666666666664,,,0.006420126999728382,2023-03-08 15:09:26.750571,2023-03-08 15:09:26.756991
0,144,7,0.04861111111111111,,,0.008090513001661748,2023-03-08 15:09:26.762738,2023-03-08 15:09:26.770829
0,144,8,0.05555555555555555,,,0.008824749966152012,2023-03-08 15:09:26.778129,2023-03-08 15:09:26.786954
0,144,9,0.0625,,,0.009677299007307738,2023-03-08 15:09:26.794551,2023-03-08 15:09:26.804231
0,144,10,0.06944444444444445,,,0.009620168013498187,2023-03-08 15:09:26.811357,2023-03-08 15:09:26.820978
0,169,2,0.011834319526627219,,,0.004696731979493052,2023-03-08 15:09:26.829091,2023-03-08 15:09:26.833787
0,169,3,0.01775147928994083,,,0.004937054996844381,2023-03-08 15:09:26.837454,2023-03-08 15:09:26.842391
0,169,4,0.023668639053254437,,,0.005627014033962041,2023-03-08 15:09:26.846902,2023-03-08 15:09:26.852529
0,169,5,0.029585798816568046,,,0.006385207001585513,2023-03-08 15:09:26.857157,2023-03-08 15:09:26.863542
0,169,6,0.03550295857988166,,,0.007321563956793398,2023-03-08 15:09:26.868896,2023-03-08 15:09:26.876219
0,169,7,0.04142011834319527,,,0.008146036008838564,2023-03-08 15:09:26.882752,2023-03-08 15:09:26.890898
0,169,8,0.047337278106508875,,,0.00914951105369255,2023-03-08 15:09:26.898635,2023-03-08 15:09:26.907785
0,169,9,0.05325443786982249,,,0.010024757008068264,2023-03-08 15:09:26.915695,2023-03-08 15:09:26.925721
0,169,10,0.05917159763313609,,,0.010972847987432033,2023-03-08 15:09:26.933878,2023-03-08 15:09:26.944851
0,196,2,0.01020408163265306,,,0.005799171049147844,2023-03-08 15:09:26.953580,2023-03-08 15:09:26.959379
0,196,3,0.015306122448979591,,,0.005656067980453372,2023-03-08 15:09:26.963544,2023-03-08 15:09:26.969200
0,196,4,0.02040816326530612,,,0.007237406040076166,2023-03-08 15:09:26.974199,2023-03-08 15:09:26.981437
0,196,5,0.025510204081632654,,,0.008193737012334168,2023-03-08 15:09:26.986830,2023-03-08 15:09:26.995024
0,196,6,0.030612244897959183,,,0.008671938034240156,2023-03-08 15:09:27.001171,2023-03-08 15:09:27.009845
0,196,7,0.03571428571428571,,,0.010193213005550206,2023-03-08 15:09:27.016785,2023-03-08 15:09:27.026980
0,196,8,0.04081632653061224,,,0.012542382988613099,2023-03-08 15:09:27.034950,2023-03-08 15:09:27.047493
0,196,9,0.04591836734693878,,,0.011057354975491762,2023-03-08 15:09:27.056295,2023-03-08 15:09:27.067353
0,196,10,0.05102040816326531,,,0.012588337995111942,2023-03-08 15:09:27.077037,2023-03-08 15:09:27.089625
0,225,2,0.008888888888888889,,,0.006455326976720244,2023-03-08 15:09:27.100139,2023-03-08 15:09:27.106595
0,225,3,0.013333333333333334,,,0.006606603041291237,2023-03-08 15:09:27.110790,2023-03-08 15:09:27.117398
0,225,4,0.017777777777777778,,,0.007417735003400594,2023-03-08 15:09:27.122880,2023-03-08 15:09:27.130298
0,225,5,0.022222222222222223,,,0.008802330994512886,2023-03-08 15:09:27.136357,2023-03-08 15:09:27.145159
0,225,6,0.02666666666666667,,,0.009451573016121984,2023-03-08 15:09:27.152523,2023-03-08 15:09:27.161975
0,225,7,0.03111111111111111,,,0.011398039001505822,2023-03-08 15:09:27.169514,2023-03-08 15:09:27.180913
0,225,8,0.035555555555555556,,,0.011865345004480332,2023-03-08 15:09:27.190460,2023-03-08 15:09:27.202326
0,225,9,0.04,,,0.013636301038786769,2023-03-08 15:09:27.211510,2023-03-08 15:09:27.225148
0,225,10,0.044444444444444446,,,0.013612416048999876,2023-03-08 15:09:27.235290,2023-03-08 15:09:27.248902
0,256,2,0.0078125,,,0.007630818989127874,2023-03-08 15:09:27.259601,2023-03-08 15:09:27.267233
0,256,3,0.01171875,,,0.007144726987462491,2023-03-08 15:09:27.271707,2023-03-08 15:09:27.278852
0,256,4,0.015625,,,0.008626890950836241,2023-03-08 15:09:27.283836,2023-03-08 15:09:27.292465
0,256,5,0.01953125,,,0.010000383015722036,2023-03-08 15:09:27.299240,2023-03-08 15:09:27.309241
0,256,6,0.0234375,,,0.010902028996497393,2023-03-08 15:09:27.316778,2023-03-08 15:09:27.327680
0,256,7,0.02734375,,,0.012156512006185949,2023-03-08 15:09:27.336891,2023-03-08 15:09:27.349049
0,256,8,0.03125,,,0.013630294997710735,2023-03-08 15:09:27.358524,2023-03-08 15:09:27.372156
0,256,9,0.03515625,,,0.01467120397137478,2023-03-08 15:09:27.382896,2023-03-08 15:09:27.397567
0,256,10,0.0390625,,,0.015604140004143119,2023-03-08 15:09:27.409351,2023-03-08 15:09:27.424958
0,289,2,0.006920415224913495,,,0.007742565998341888,2023-03-08 15:09:27.437134,2023-03-08 15:09:27.444877
0,289,3,0.010380622837370242,,,0.008761614037211984,2023-03-08 15:09:27.449702,2023-03-08 15:09:27.458465
0,289,4,0.01384083044982699,,,0.00977584399515763,2023-03-08 15:09:27.464575,2023-03-08 15:09:27.474350
0,289,5,0.01730103806228374,,,0.011880500009283423,2023-03-08 15:09:27.482680,2023-03-08 15:09:27.494561
0,289,6,0.020761245674740483,,,0.012228028965182602,2023-03-08 15:09:27.502609,2023-03-08 15:09:27.514837
0,289,7,0.02422145328719723,,,0.014036140986718237,2023-03-08 15:09:27.524747,2023-03-08 15:09:27.538783
0,289,8,0.02768166089965398,,,0.016146173991728574,2023-03-08 15:09:27.549720,2023-03-08 15:09:27.565867
0,289,9,0.031141868512110725,,,0.016870564955752343,2023-03-08 15:09:27.578223,2023-03-08 15:09:27.595096
0,289,10,0.03460207612456748,,,0.018026991980150342,2023-03-08 15:09:27.608354,2023-03-08 15:09:27.626380
0,324,2,0.006172839506172839,,,0.008893613005056977,2023-03-08 15:09:27.640319,2023-03-08 15:09:27.649213
0,324,3,0.009259259259259259,,,0.009992211998905987,2023-03-08 15:09:27.655190,2023-03-08 15:09:27.665183
0,324,4,0.012345679012345678,,,0.010493109992239624,2023-03-08 15:09:27.671859,2023-03-08 15:09:27.682352
0,324,5,0.015432098765432098,,,0.01362526701996103,2023-03-08 15:09:27.690078,2023-03-08 15:09:27.703689
0,324,6,0.018518518518518517,,,0.014636981999501586,2023-03-08 15:09:27.713137,2023-03-08 15:09:27.727774
0,324,7,0.021604938271604937,,,0.016634083993267268,2023-03-08 15:09:27.738743,2023-03-08 15:09:27.755379
0,324,8,0.024691358024691357,,,0.018325420969631523,2023-03-08 15:09:27.767310,2023-03-08 15:09:27.785637
0,324,9,0.027777777777777776,,,0.01995892997365445,2023-03-08 15:09:27.799800,2023-03-08 15:09:27.819760
0,324,10,0.030864197530864196,,,0.020380210946314037,2023-03-08 15:09:27.835189,2023-03-08 15:09:27.855568
0,361,2,0.00554016620498615,,,0.010545212018769234,2023-03-08 15:09:27.872201,2023-03-08 15:09:27.882746
0,361,3,0.008310249307479225,,,0.011084593017585576,2023-03-08 15:09:27.888576,2023-03-08 15:09:27.899662
0,361,4,0.0110803324099723,,,0.013063675025478005,2023-03-08 15:09:27.907516,2023-03-08 15:09:27.920580
0,361,5,0.013850415512465374,,,0.014228900952730328,2023-03-08 15:09:27.929210,2023-03-08 15:09:27.943440
0,361,6,0.01662049861495845,,,0.016683321038726717,2023-03-08 15:09:27.954178,2023-03-08 15:09:27.970863
0,361,7,0.019390581717451522,,,0.01923495903611183,2023-03-08 15:09:27.982469,2023-03-08 15:09:28.001704
0,361,8,0.0221606648199446,,,0.0198565439786762,2023-03-08 15:09:28.016246,2023-03-08 15:09:28.036103
0,361,9,0.024930747922437674,,,0.021413787035271525,2023-03-08 15:09:28.050764,2023-03-08 15:09:28.072179
0,361,10,0.027700831024930747,,,0.05325698998058215,2023-03-08 15:09:28.088213,2023-03-08 15:09:28.141472
0,100,2,0.02,,,0.0029125059954822063,2023-03-08 15:09:28.159277,2023-03-08 15:09:28.162188
0,100,3,0.03,,,0.0030999599839560688,2023-03-08 15:09:28.165422,2023-03-08 15:09:28.168522
0,100,4,0.04,,,0.0035285030025988817,2023-03-08 15:09:28.171898,2023-03-08 15:09:28.175426
0,100,5,0.05,,,0.0038973339833319187,2023-03-08 15:09:28.179246,2023-03-08 15:09:28.183145
0,100,6,0.06,,,0.004309814015869051,2023-03-08 15:09:28.187143,2023-03-08 15:09:28.191452
0,100,7,0.07,,,0.004928464011754841,2023-03-08 15:09:28.195933,2023-03-08 15:09:28.200862
0,100,8,0.08,,,0.0052963169873692095,2023-03-08 15:09:28.205542,2023-03-08 15:09:28.210838
0,100,9,0.09,,,0.005891641019843519,2023-03-08 15:09:28.216106,2023-03-08 15:09:28.221997
0,100,10,0.1,,,0.006725121987983584,2023-03-08 15:09:28.227424,2023-03-08 15:09:28.234150
0,121,2,0.01652892561983471,,,0.003341050003655255,2023-03-08 15:09:28.240403,2023-03-08 15:09:28.243744
0,121,3,0.024793388429752067,,,0.003640668001025915,2023-03-08 15:09:28.247153,2023-03-08 15:09:28.250792
0,121,4,0.03305785123966942,,,0.004211197956465185,2023-03-08 15:09:28.254429,2023-03-08 15:09:28.258640
0,121,5,0.04132231404958678,,,0.004761126008816063,2023-03-08 15:09:28.263742,2023-03-08 15:09:28.268503
0,121,6,0.049586776859504134,,,0.005387808021623641,2023-03-08 15:09:28.273226,2023-03-08 15:09:28.278615
0,121,7,0.05785123966942149,,,0.0057451140019111335,2023-03-08 15:09:28.284029,2023-03-08 15:09:28.289774
0,121,8,0.06611570247933884,,,0.007290973968338221,2023-03-08 15:09:28.295004,2023-03-08 15:09:28.302296
0,121,9,0.0743801652892562,,,0.007423950999509543,2023-03-08 15:09:28.308440,2023-03-08 15:09:28.315865
0,121,10,0.08264462809917356,,,0.008304435992613435,2023-03-08 15:09:28.322377,2023-03-08 15:09:28.330683
0,144,2,0.013888888888888888,,,0.0038948190049268305,2023-03-08 15:09:28.337909,2023-03-08 15:09:28.341802
0,144,3,0.020833333333333332,,,0.004494682012591511,2023-03-08 15:09:28.345460,2023-03-08 15:09:28.349956
0,144,4,0.027777777777777776,,,0.004975747026037425,2023-03-08 15:09:28.353794,2023-03-08 15:09:28.358769
0,144,5,0.034722222222222224,,,0.005634067987557501,2023-03-08 15:09:28.363321,2023-03-08 15:09:28.368955
0,144,6,0.041666666666666664,,,0.006937229016330093,2023-03-08 15:09:28.374117,2023-03-08 15:09:28.381053
0,144,7,0.04861111111111111,,,0.006812423991505057,2023-03-08 15:09:28.387092,2023-03-08 15:09:28.393906
0,144,8,0.05555555555555555,,,0.007700240996200591,2023-03-08 15:09:28.399694,2023-03-08 15:09:28.407394
0,144,9,0.0625,,,0.008616834005806595,2023-03-08 15:09:28.414142,2023-03-08 15:09:28.422759
0,144,10,0.06944444444444445,,,0.009649921033997089,2023-03-08 15:09:28.430246,2023-03-08 15:09:28.439896
0,169,2,0.011834319526627219,,,0.005012901965528727,2023-03-08 15:09:28.448026,2023-03-08 15:09:28.453040
0,169,3,0.01775147928994083,,,0.005001867015380412,2023-03-08 15:09:28.457160,2023-03-08 15:09:28.462160
0,169,4,0.023668639053254437,,,0.0060653359978459775,2023-03-08 15:09:28.466520,2023-03-08 15:09:28.472585
0,169,5,0.029585798816568046,,,0.006587815994862467,2023-03-08 15:09:28.477632,2023-03-08 15:09:28.484220
0,169,6,0.03550295857988166,,,0.00806746503803879,2023-03-08 15:09:28.489740,2023-03-08 15:09:28.497808
0,169,7,0.04142011834319527,,,0.008199814008548856,2023-03-08 15:09:28.504349,2023-03-08 15:09:28.512549
0,169,8,0.047337278106508875,,,0.00867312599439174,2023-03-08 15:09:28.519185,2023-03-08 15:09:28.527857
0,169,9,0.05325443786982249,,,0.009808111004531384,2023-03-08 15:09:28.535286,2023-03-08 15:09:28.545095
0,169,10,0.05917159763313609,,,0.011014403018634766,2023-03-08 15:09:28.552949,2023-03-08 15:09:28.563965
0,196,2,0.01020408163265306,,,0.005238069978076965,2023-03-08 15:09:28.572668,2023-03-08 15:09:28.577905
0,196,3,0.015306122448979591,,,0.006393099029082805,2023-03-08 15:09:28.581965,2023-03-08 15:09:28.588358
0,196,4,0.02040816326530612,,,0.006570844037923962,2023-03-08 15:09:28.592971,2023-03-08 15:09:28.599541
0,196,5,0.025510204081632654,,,0.00763612799346447,2023-03-08 15:09:28.605599,2023-03-08 15:09:28.613236
0,196,6,0.030612244897959183,,,0.008452707959804684,2023-03-08 15:09:28.619020,2023-03-08 15:09:28.627473
0,196,7,0.03571428571428571,,,0.009595724986866117,2023-03-08 15:09:28.634249,2023-03-08 15:09:28.643844
0,196,8,0.04081632653061224,,,0.010423199972137809,2023-03-08 15:09:28.651264,2023-03-08 15:09:28.661687
0,196,9,0.04591836734693878,,,0.011073278961703181,2023-03-08 15:09:28.669907,2023-03-08 15:09:28.680982
0,196,10,0.05102040816326531,,,0.01196759199956432,2023-03-08 15:09:28.689792,2023-03-08 15:09:28.701759
0,225,2,0.008888888888888889,,,0.0059581989771686494,2023-03-08 15:09:28.710990,2023-03-08 15:09:28.716950
0,225,3,0.013333333333333334,,,0.006595498009119183,2023-03-08 15:09:28.721326,2023-03-08 15:09:28.727921
0,225,4,0.017777777777777778,,,0.007382465002592653,2023-03-08 15:09:28.733203,2023-03-08 15:09:28.740586
0,225,5,0.022222222222222223,,,0.008259736991021782,2023-03-08 15:09:28.746335,2023-03-08 15:09:28.754594
0,225,6,0.02666666666666667,,,0.00944242300465703,2023-03-08 15:09:28.760927,2023-03-08 15:09:28.770370
0,225,7,0.03111111111111111,,,0.01132205204339698,2023-03-08 15:09:28.777510,2023-03-08 15:09:28.788831
0,225,8,0.035555555555555556,,,0.01237308798590675,2023-03-08 15:09:28.797121,2023-03-08 15:09:28.809496
0,225,9,0.04,,,0.012895707972347736,2023-03-08 15:09:28.818726,2023-03-08 15:09:28.831623
0,225,10,0.044444444444444446,,,0.013697971007786691,2023-03-08 15:09:28.841353,2023-03-08 15:09:28.855051
0,256,2,0.0078125,,,0.006632863020058721,2023-03-08 15:09:28.866044,2023-03-08 15:09:28.872676
0,256,3,0.01171875,,,0.007385397970210761,2023-03-08 15:09:28.877025,2023-03-08 15:09:28.884412
0,256,4,0.015625,,,0.008218950009904802,2023-03-08 15:09:28.889689,2023-03-08 15:09:28.897908
0,256,5,0.01953125,,,0.009527419984806329,2023-03-08 15:09:28.903893,2023-03-08 15:09:28.913421
0,256,6,0.0234375,,,0.011052675021346658,2023-03-08 15:09:28.920525,2023-03-08 15:09:28.931578
0,256,7,0.02734375,,,0.01246709399856627,2023-03-08 15:09:28.939647,2023-03-08 15:09:28.952115
0,256,8,0.03125,,,0.013727443991228938,2023-03-08 15:09:28.961324,2023-03-08 15:09:28.975052
0,256,9,0.03515625,,,0.014522582001518458,2023-03-08 15:09:28.985398,2023-03-08 15:09:28.999921
0,256,10,0.0390625,,,0.016120961983688176,2023-03-08 15:09:29.010841,2023-03-08 15:09:29.026963
0,289,2,0.006920415224913495,,,0.008079199003987014,2023-03-08 15:09:29.039717,2023-03-08 15:09:29.047796
0,289,3,0.010380622837370242,,,0.008517030975781381,2023-03-08 15:09:29.052988,2023-03-08 15:09:29.061504
0,289,4,0.01384083044982699,,,0.009450106008443981,2023-03-08 15:09:29.067614,2023-03-08 15:09:29.077074
0,289,5,0.01730103806228374,,,0.011033957998733968,2023-03-08 15:09:29.083941,2023-03-08 15:09:29.094975
0,289,6,0.020761245674740483,,,0.012171596987172961,2023-03-08 15:09:29.103274,2023-03-08 15:09:29.115445
0,289,7,0.02422145328719723,,,0.014335968007799238,2023-03-08 15:09:29.124711,2023-03-08 15:09:29.139047
0,289,8,0.02768166089965398,,,0.015506991010624915,2023-03-08 15:09:29.149370,2023-03-08 15:09:29.164877
0,289,9,0.031141868512110725,,,0.01809410803252831,2023-03-08 15:09:29.177624,2023-03-08 15:09:29.195719
0,289,10,0.03460207612456748,,,0.018061631999444216,2023-03-08 15:09:29.210546,2023-03-08 15:09:29.228608
0,324,2,0.006172839506172839,,,0.009319852979388088,2023-03-08 15:09:29.242446,2023-03-08 15:09:29.251765
0,324,3,0.009259259259259259,,,0.010246152989566326,2023-03-08 15:09:29.257305,2023-03-08 15:09:29.267552
0,324,4,0.012345679012345678,,,0.011721752001903951,2023-03-08 15:09:29.274168,2023-03-08 15:09:29.285890
0,324,5,0.015432098765432098,,,0.01269393798429519,2023-03-08 15:09:29.293904,2023-03-08 15:09:29.306599
0,324,6,0.018518518518518517,,,0.013608015957288444,2023-03-08 15:09:29.315455,2023-03-08 15:09:29.329073
0,324,7,0.021604938271604937,,,0.015351734007708728,2023-03-08 15:09:29.339115,2023-03-08 15:09:29.354466
0,324,8,0.024691358024691357,,,0.017757963971234858,2023-03-08 15:09:29.365800,2023-03-08 15:09:29.383559
0,324,9,0.027777777777777776,,,0.019176223024260253,2023-03-08 15:09:29.397193,2023-03-08 15:09:29.416369
0,324,10,0.030864197530864196,,,0.02151086594676599,2023-03-08 15:09:29.431193,2023-03-08 15:09:29.452704
0,361,2,0.00554016620498615,,,0.009340035961940885,2023-03-08 15:09:29.469585,2023-03-08 15:09:29.478925
0,361,3,0.008310249307479225,,,0.010846155986655504,2023-03-08 15:09:29.484996,2023-03-08 15:09:29.495842
0,361,4,0.0110803324099723,,,0.012387614988256246,2023-03-08 15:09:29.502587,2023-03-08 15:09:29.514975
0,361,5,0.013850415512465374,,,0.014067219977732748,2023-03-08 15:09:29.522717,2023-03-08 15:09:29.536785
0,361,6,0.01662049861495845,,,0.015868976013734937,2023-03-08 15:09:29.547714,2023-03-08 15:09:29.563585
0,361,7,0.019390581717451522,,,0.01747196598444134,2023-03-08 15:09:29.575717,2023-03-08 15:09:29.593188
0,361,8,0.0221606648199446,,,0.02011111396132037,2023-03-08 15:09:29.606372,2023-03-08 15:09:29.626483
0,361,9,0.024930747922437674,,,0.021516802022233605,2023-03-08 15:09:29.642231,2023-03-08 15:09:29.663749
0,361,10,0.027700831024930747,,,0.022947703022509813,2023-03-08 15:09:29.680237,2023-03-08 15:09:29.703187
0,100,2,0.02,,,0.0031079910113476217,2023-03-08 15:09:29.720429,2023-03-08 15:09:29.723536
0,100,3,0.03,,,0.00301056302851066,2023-03-08 15:09:29.726789,2023-03-08 15:09:29.729799
0,100,4,0.04,,,0.0033166760113090277,2023-03-08 15:09:29.733348,2023-03-08 15:09:29.736665
0,100,5,0.05,,,0.003941541945096105,2023-03-08 15:09:29.740645,2023-03-08 15:09:29.744587
0,100,6,0.06,,,0.004374974989332259,2023-03-08 15:09:29.748965,2023-03-08 15:09:29.753340
0,100,7,0.07,,,0.004837532003875822,2023-03-08 15:09:29.758029,2023-03-08 15:09:29.762867
0,100,8,0.08,,,0.005377471970859915,2023-03-08 15:09:29.767868,2023-03-08 15:09:29.773246
0,100,9,0.09,,,0.005624009994789958,2023-03-08 15:09:29.779005,2023-03-08 15:09:29.784629
0,100,10,0.1,,,0.0067223989753983915,2023-03-08 15:09:29.790012,2023-03-08 15:09:29.796736
0,121,2,0.01652892561983471,,,0.0031531790154986084,2023-03-08 15:09:29.802801,2023-03-08 15:09:29.805953
0,121,3,0.024793388429752067,,,0.0036038620164617896,2023-03-08 15:09:29.810301,2023-03-08 15:09:29.813904
0,121,4,0.03305785123966942,,,0.003963052993640304,2023-03-08 15:09:29.817716,2023-03-08 15:09:29.821678
0,121,5,0.04132231404958678,,,0.004829710000194609,2023-03-08 15:09:29.825708,2023-03-08 15:09:29.830538
0,121,6,0.049586776859504134,,,0.00545492599485442,2023-03-08 15:09:29.835172,2023-03-08 15:09:29.840628
0,121,7,0.05785123966942149,,,0.005799591017421335,2023-03-08 15:09:29.845824,2023-03-08 15:09:29.851623
0,121,8,0.06611570247933884,,,0.006812562991399318,2023-03-08 15:09:29.857192,2023-03-08 15:09:29.864004
0,121,9,0.0743801652892562,,,0.006623852998018265,2023-03-08 15:09:29.870049,2023-03-08 15:09:29.876673
0,121,10,0.08264462809917356,,,0.00768292200518772,2023-03-08 15:09:29.882922,2023-03-08 15:09:29.890605
0,144,2,0.013888888888888888,,,0.0038925139815546572,2023-03-08 15:09:29.897448,2023-03-08 15:09:29.901340
0,144,3,0.020833333333333332,,,0.004058874968905002,2023-03-08 15:09:29.904974,2023-03-08 15:09:29.909030
0,144,4,0.027777777777777776,,,0.005465680966153741,2023-03-08 15:09:29.913337,2023-03-08 15:09:29.918803
0,144,5,0.034722222222222224,,,0.005326976999640465,2023-03-08 15:09:29.923310,2023-03-08 15:09:29.928637
0,144,6,0.041666666666666664,,,0.006540114001836628,2023-03-08 15:09:29.933867,2023-03-08 15:09:29.940408
0,144,7,0.04861111111111111,,,0.007318351010326296,2023-03-08 15:09:29.946055,2023-03-08 15:09:29.953375
0,144,8,0.05555555555555555,,,0.007814222015440464,2023-03-08 15:09:29.959735,2023-03-08 15:09:29.967549
0,144,9,0.0625,,,0.008433151990175247,2023-03-08 15:09:29.974386,2023-03-08 15:09:29.982820
0,144,10,0.06944444444444445,,,0.0091681579942815,2023-03-08 15:09:29.991799,2023-03-08 15:09:30.000967
0,169,2,0.011834319526627219,,,0.004916731966659427,2023-03-08 15:09:30.008472,2023-03-08 15:09:30.013389
0,169,3,0.01775147928994083,,,0.004978749959263951,2023-03-08 15:09:30.017397,2023-03-08 15:09:30.022375
0,169,4,0.023668639053254437,,,0.005723533977288753,2023-03-08 15:09:30.026769,2023-03-08 15:09:30.032492
0,169,5,0.029585798816568046,,,0.0068166840355843306,2023-03-08 15:09:30.037717,2023-03-08 15:09:30.044535
0,169,6,0.03550295857988166,,,0.007170079043135047,2023-03-08 15:09:30.050259,2023-03-08 15:09:30.057430
0,169,7,0.04142011834319527,,,0.008425119973253459,2023-03-08 15:09:30.063424,2023-03-08 15:09:30.071850
0,169,8,0.047337278106508875,,,0.008760427008382976,2023-03-08 15:09:30.078923,2023-03-08 15:09:30.087684
0,169,9,0.05325443786982249,,,0.009877881966531277,2023-03-08 15:09:30.095335,2023-03-08 15:09:30.105214
0,169,10,0.05917159763313609,,,0.01066100801108405,2023-03-08 15:09:30.112982,2023-03-08 15:09:30.123644
0,196,2,0.01020408163265306,,,0.005511356983333826,2023-03-08 15:09:30.132237,2023-03-08 15:09:30.137748
0,196,3,0.015306122448979591,,,0.005600963020697236,2023-03-08 15:09:30.142191,2023-03-08 15:09:30.147792
0,196,4,0.02040816326530612,,,0.006522654031869024,2023-03-08 15:09:30.152677,2023-03-08 15:09:30.159200
0,196,5,0.025510204081632654,,,0.008292074024211615,2023-03-08 15:09:30.164461,2023-03-08 15:09:30.172754
0,196,6,0.030612244897959183,,,0.008249120961409062,2023-03-08 15:09:30.179150,2023-03-08 15:09:30.187398
0,196,7,0.03571428571428571,,,0.009333612048067153,2023-03-08 15:09:30.194588,2023-03-08 15:09:30.203921
0,196,8,0.04081632653061224,,,0.010589421028271317,2023-03-08 15:09:30.211832,2023-03-08 15:09:30.222422
0,196,9,0.04591836734693878,,,0.011286921973805875,2023-03-08 15:09:30.230611,2023-03-08 15:09:30.241900
0,196,10,0.05102040816326531,,,0.011919401993509382,2023-03-08 15:09:30.250388,2023-03-08 15:09:30.262307
0,225,2,0.008888888888888889,,,0.006072390009649098,2023-03-08 15:09:30.272172,2023-03-08 15:09:30.278245
0,225,3,0.013333333333333334,,,0.0066049270099028945,2023-03-08 15:09:30.282650,2023-03-08 15:09:30.289254
0,225,4,0.017777777777777778,,,0.0075842359801754355,2023-03-08 15:09:30.294497,2023-03-08 15:09:30.302082
0,225,5,0.022222222222222223,,,0.00852219999069348,2023-03-08 15:09:30.307955,2023-03-08 15:09:30.316476
0,225,6,0.02666666666666667,,,0.009823266009334475,2023-03-08 15:09:30.323031,2023-03-08 15:09:30.332854
0,225,7,0.03111111111111111,,,0.01090503204613924,2023-03-08 15:09:30.340602,2023-03-08 15:09:30.351507
0,225,8,0.035555555555555556,,,0.01314092002576217,2023-03-08 15:09:30.359997,2023-03-08 15:09:30.373139
0,225,9,0.04,,,0.014402385975699872,2023-03-08 15:09:30.384152,2023-03-08 15:09:30.398555
0,225,10,0.044444444444444446,,,0.014180431957356632,2023-03-08 15:09:30.408608,2023-03-08 15:09:30.422789
0,256,2,0.0078125,,,0.006691248971037567,2023-03-08 15:09:30.433743,2023-03-08 15:09:30.440434
0,256,3,0.01171875,,,0.007715396990533918,2023-03-08 15:09:30.444964,2023-03-08 15:09:30.452679
0,256,4,0.015625,,,0.008616484992671758,2023-03-08 15:09:30.458597,2023-03-08 15:09:30.467213
0,256,5,0.01953125,,,0.00937565602362156,2023-03-08 15:09:30.473770,2023-03-08 15:09:30.483146
0,256,6,0.0234375,,,0.010873393970541656,2023-03-08 15:09:30.490322,2023-03-08 15:09:30.501196
0,256,7,0.02734375,,,0.012522617995273322,2023-03-08 15:09:30.509361,2023-03-08 15:09:30.521884
0,256,8,0.03125,,,0.013017720018979162,2023-03-08 15:09:30.531427,2023-03-08 15:09:30.544446
0,256,9,0.03515625,,,0.014497719996143132,2023-03-08 15:09:30.554550,2023-03-08 15:09:30.569048
0,256,10,0.0390625,,,0.01559610798722133,2023-03-08 15:09:30.579973,2023-03-08 15:09:30.595569
0,289,2,0.006920415224913495,,,0.007690953032579273,2023-03-08 15:09:30.607269,2023-03-08 15:09:30.614960
0,289,3,0.010380622837370242,,,0.008316238003317267,2023-03-08 15:09:30.620090,2023-03-08 15:09:30.628405
0,289,4,0.01384083044982699,,,0.009703768999315798,2023-03-08 15:09:30.634266,2023-03-08 15:09:30.643970
0,289,5,0.01730103806228374,,,0.010826740006450564,2023-03-08 15:09:30.651170,2023-03-08 15:09:30.661996
0,289,6,0.020761245674740483,,,0.011881618003826588,2023-03-08 15:09:30.669866,2023-03-08 15:09:30.681748
0,289,7,0.02422145328719723,,,0.014407346025109291,2023-03-08 15:09:30.690614,2023-03-08 15:09:30.705022
0,289,8,0.02768166089965398,,,0.014802156016230583,2023-03-08 15:09:30.715478,2023-03-08 15:09:30.730281
0,289,9,0.031141868512110725,,,0.01625093602342531,2023-03-08 15:09:30.742410,2023-03-08 15:09:30.758661
0,289,10,0.03460207612456748,,,0.017161592026241124,2023-03-08 15:09:30.770578,2023-03-08 15:09:30.787741
0,324,2,0.006172839506172839,,,0.00860496103996411,2023-03-08 15:09:30.800505,2023-03-08 15:09:30.809110
0,324,3,0.009259259259259259,,,0.009500600979663432,2023-03-08 15:09:30.814616,2023-03-08 15:09:30.824116
0,324,4,0.012345679012345678,,,0.010641872009728104,2023-03-08 15:09:30.830054,2023-03-08 15:09:30.840697
0,324,5,0.015432098765432098,,,0.012012220046017319,2023-03-08 15:09:30.847756,2023-03-08 15:09:30.859768
0,324,6,0.018518518518518517,,,0.01368127902969718,2023-03-08 15:09:30.868087,2023-03-08 15:09:30.881768
0,324,7,0.021604938271604937,,,0.014773870003409684,2023-03-08 15:09:30.891748,2023-03-08 15:09:30.906522
0,324,8,0.024691358024691357,,,0.01735791499959305,2023-03-08 15:09:30.917247,2023-03-08 15:09:30.934605
0,324,9,0.027777777777777776,,,0.018068685953039676,2023-03-08 15:09:30.975908,2023-03-08 15:09:30.993976
0,324,10,0.030864197530864196,,,0.020952488004695624,2023-03-08 15:09:31.006951,2023-03-08 15:09:31.027904
0,361,2,0.00554016620498615,,,0.009971398976631463,2023-03-08 15:09:31.043391,2023-03-08 15:09:31.053363
0,361,3,0.008310249307479225,,,0.010491713008377701,2023-03-08 15:09:31.059652,2023-03-08 15:09:31.070144
0,361,4,0.0110803324099723,,,0.012131159019190818,2023-03-08 15:09:31.076828,2023-03-08 15:09:31.088960
0,361,5,0.013850415512465374,,,0.013952191977296025,2023-03-08 15:09:31.096924,2023-03-08 15:09:31.110877
0,361,6,0.01662049861495845,,,0.015733904030639678,2023-03-08 15:09:31.120893,2023-03-08 15:09:31.136628
0,361,7,0.019390581717451522,,,0.0173533060005866,2023-03-08 15:09:31.147477,2023-03-08 15:09:31.164830
0,361,8,0.0221606648199446,,,0.019394756003748626,2023-03-08 15:09:31.177105,2023-03-08 15:09:31.196499
0,361,9,0.024930747922437674,,,0.021099851990584284,2023-03-08 15:09:31.212034,2023-03-08 15:09:31.233135
0,361,10,0.027700831024930747,,,0.023195638961624354,2023-03-08 15:09:31.247717,2023-03-08 15:09:31.270913
0,100,2,0.02,,,0.0031445169588550925,2023-03-08 15:09:31.287683,2023-03-08 15:09:31.290829
0,100,3,0.03,,,0.0030045569874346256,2023-03-08 15:09:31.294213,2023-03-08 15:09:31.297217
0,100,4,0.04,,,0.0033621430047787726,2023-03-08 15:09:31.300821,2023-03-08 15:09:31.304184
0,100,5,0.05,,,0.0039706670213490725,2023-03-08 15:09:31.307905,2023-03-08 15:09:31.311876
0,100,6,0.06,,,0.004312677017878741,2023-03-08 15:09:31.316272,2023-03-08 15:09:31.320585
0,100,7,0.07,,,0.0049503950285725296,2023-03-08 15:09:31.325223,2023-03-08 15:09:31.330173
0,100,8,0.08,,,0.0055039539583958685,2023-03-08 15:09:31.335485,2023-03-08 15:09:31.340989
0,100,9,0.09,,,0.005722415982745588,2023-03-08 15:09:31.346324,2023-03-08 15:09:31.352046
0,100,10,0.1,,,0.006051158008631319,2023-03-08 15:09:31.357643,2023-03-08 15:09:31.363694
0,121,2,0.01652892561983471,,,0.003135578997898847,2023-03-08 15:09:31.369326,2023-03-08 15:09:31.372461
0,121,3,0.024793388429752067,,,0.005462608009111136,2023-03-08 15:09:31.376434,2023-03-08 15:09:31.381897
0,121,4,0.03305785123966942,,,0.004513819003477693,2023-03-08 15:09:31.385984,2023-03-08 15:09:31.390497
0,121,5,0.04132231404958678,,,0.004529882979113609,2023-03-08 15:09:31.395584,2023-03-08 15:09:31.400114
0,121,6,0.049586776859504134,,,0.004965619998984039,2023-03-08 15:09:31.404566,2023-03-08 15:09:31.409531
0,121,7,0.05785123966942149,,,0.00587816204642877,2023-03-08 15:09:31.414390,2023-03-08 15:09:31.420268
0,121,8,0.06611570247933884,,,0.006145582010503858,2023-03-08 15:09:31.425869,2023-03-08 15:09:31.432014
0,121,9,0.0743801652892562,,,0.006946657958906144,2023-03-08 15:09:31.437656,2023-03-08 15:09:31.444603
0,121,10,0.08264462809917356,,,0.007486388960387558,2023-03-08 15:09:31.450730,2023-03-08 15:09:31.458216
0,144,2,0.013888888888888888,,,0.003959071997087449,2023-03-08 15:09:31.464705,2023-03-08 15:09:31.468665
0,144,3,0.020833333333333332,,,0.004210080951452255,2023-03-08 15:09:31.472512,2023-03-08 15:09:31.476721
0,144,4,0.027777777777777776,,,0.004969741043169051,2023-03-08 15:09:31.480991,2023-03-08 15:09:31.485961
0,144,5,0.034722222222222224,,,0.0055135220172815025,2023-03-08 15:09:31.490713,2023-03-08 15:09:31.496226
0,144,6,0.041666666666666664,,,0.006126376974862069,2023-03-08 15:09:31.501333,2023-03-08 15:09:31.507459
0,144,7,0.04861111111111111,,,0.007078028982505202,2023-03-08 15:09:31.513277,2023-03-08 15:09:31.520356
0,144,8,0.05555555555555555,,,0.007316745002754033,2023-03-08 15:09:31.526435,2023-03-08 15:09:31.533750
0,144,9,0.0625,,,0.008614948019385338,2023-03-08 15:09:31.540154,2023-03-08 15:09:31.548770
0,144,10,0.06944444444444445,,,0.00931356701767072,2023-03-08 15:09:31.556074,2023-03-08 15:09:31.565376
0,169,2,0.011834319526627219,,,0.004748623992782086,2023-03-08 15:09:31.573280,2023-03-08 15:09:31.578030
0,169,3,0.01775147928994083,,,0.00499802699778229,2023-03-08 15:09:31.582314,2023-03-08 15:09:31.587312
0,169,4,0.023668639053254437,,,0.005487472051754594,2023-03-08 15:09:31.591659,2023-03-08 15:09:31.597145
0,169,5,0.029585798816568046,,,0.0065531739965081215,2023-03-08 15:09:31.601883,2023-03-08 15:09:31.608436
0,169,6,0.03550295857988166,,,0.007477938022930175,2023-03-08 15:09:31.614325,2023-03-08 15:09:31.621804
0,169,7,0.04142011834319527,,,0.008138144039548934,2023-03-08 15:09:31.627777,2023-03-08 15:09:31.635915
0,169,8,0.047337278106508875,,,0.008925531001295894,2023-03-08 15:09:31.642882,2023-03-08 15:09:31.651808
0,169,9,0.05325443786982249,,,0.00967429595766589,2023-03-08 15:09:31.659291,2023-03-08 15:09:31.668965
0,169,10,0.05917159763313609,,,0.010351334000006318,2023-03-08 15:09:31.676994,2023-03-08 15:09:31.687345
0,196,2,0.01020408163265306,,,0.00567338801920414,2023-03-08 15:09:31.696434,2023-03-08 15:09:31.702110
0,196,3,0.015306122448979591,,,0.005927119986154139,2023-03-08 15:09:31.706621,2023-03-08 15:09:31.712549
0,196,4,0.02040816326530612,,,0.006625251029618084,2023-03-08 15:09:31.717216,2023-03-08 15:09:31.723842
0,196,5,0.025510204081632654,,,0.007450210978277028,2023-03-08 15:09:31.729459,2023-03-08 15:09:31.736908
0,196,6,0.030612244897959183,,,0.008811061969026923,2023-03-08 15:09:31.743154,2023-03-08 15:09:31.751965
0,196,7,0.03571428571428571,,,0.009773539029993117,2023-03-08 15:09:31.759094,2023-03-08 15:09:31.768866
0,196,8,0.04081632653061224,,,0.00994765298673883,2023-03-08 15:09:31.777344,2023-03-08 15:09:31.787293
0,196,9,0.04591836734693878,,,0.010731059010140598,2023-03-08 15:09:31.794966,2023-03-08 15:09:31.805698
0,196,10,0.05102040816326531,,,0.012142403982579708,2023-03-08 15:09:31.814417,2023-03-08 15:09:31.826560
0,225,2,0.008888888888888889,,,0.006129450048319995,2023-03-08 15:09:31.835820,2023-03-08 15:09:31.841951
0,225,3,0.013333333333333334,,,0.006361250998452306,2023-03-08 15:09:31.846442,2023-03-08 15:09:31.852803
0,225,4,0.017777777777777778,,,0.007924570993054658,2023-03-08 15:09:31.857875,2023-03-08 15:09:31.865800
0,225,5,0.022222222222222223,,,0.00834501296048984,2023-03-08 15:09:31.871792,2023-03-08 15:09:31.880138
0,225,6,0.02666666666666667,,,0.009514988050796092,2023-03-08 15:09:31.886576,2023-03-08 15:09:31.896089
0,225,7,0.03111111111111111,,,0.010633910016622394,2023-03-08 15:09:31.903415,2023-03-08 15:09:31.914050
0,225,8,0.035555555555555556,,,0.011937909992411733,2023-03-08 15:09:31.922241,2023-03-08 15:09:31.934179
0,225,9,0.04,,,0.013021002989262342,2023-03-08 15:09:31.943460,2023-03-08 15:09:31.956481
0,225,10,0.044444444444444446,,,0.014393098012078553,2023-03-08 15:09:31.966508,2023-03-08 15:09:31.980902
0,256,2,0.0078125,,,0.006666107045020908,2023-03-08 15:09:31.994103,2023-03-08 15:09:32.000770
0,256,3,0.01171875,,,0.007256681972648948,2023-03-08 15:09:32.005519,2023-03-08 15:09:32.012775
0,256,4,0.015625,,,0.0086197680211626,2023-03-08 15:09:32.018150,2023-03-08 15:09:32.026770
0,256,5,0.01953125,,,0.009753775026183575,2023-03-08 15:09:32.033329,2023-03-08 15:09:32.043083
0,256,6,0.0234375,,,0.011184465955011547,2023-03-08 15:09:32.050596,2023-03-08 15:09:32.061782
0,256,7,0.02734375,,,0.012250797008164227,2023-03-08 15:09:32.070195,2023-03-08 15:09:32.082446
0,256,8,0.03125,,,0.013085115991998464,2023-03-08 15:09:32.091723,2023-03-08 15:09:32.104808
0,256,9,0.03515625,,,0.014591165992897004,2023-03-08 15:09:32.114667,2023-03-08 15:09:32.129259
0,256,10,0.0390625,,,0.01653826195979491,2023-03-08 15:09:32.140174,2023-03-08 15:09:32.156713
0,289,2,0.006920415224913495,,,0.007594013004563749,2023-03-08 15:09:32.168615,2023-03-08 15:09:32.176211
0,289,3,0.010380622837370242,,,0.008448866021353751,2023-03-08 15:09:32.181349,2023-03-08 15:09:32.189798
0,289,4,0.01384083044982699,,,0.010834911954589188,2023-03-08 15:09:32.196076,2023-03-08 15:09:32.206901
0,289,5,0.01730103806228374,,,0.011260732018854469,2023-03-08 15:09:32.214434,2023-03-08 15:09:32.225696
0,289,6,0.020761245674740483,,,0.012377209030091763,2023-03-08 15:09:32.234075,2023-03-08 15:09:32.246442
0,289,7,0.02422145328719723,,,0.014850275998469442,2023-03-08 15:09:32.255122,2023-03-08 15:09:32.269974
0,289,8,0.02768166089965398,,,0.01585179497487843,2023-03-08 15:09:32.281859,2023-03-08 15:09:32.297711
0,289,9,0.031141868512110725,,,0.01685771398479119,2023-03-08 15:09:32.308790,2023-03-08 15:09:32.325647
0,289,10,0.03460207612456748,,,0.01849960401887074,2023-03-08 15:09:32.337968,2023-03-08 15:09:32.356469
0,324,2,0.006172839506172839,,,0.008725716033950448,2023-03-08 15:09:32.370204,2023-03-08 15:09:32.378931
0,324,3,0.009259259259259259,,,0.010078813997097313,2023-03-08 15:09:32.384621,2023-03-08 15:09:32.394700
0,324,4,0.012345679012345678,,,0.010854396969079971,2023-03-08 15:09:32.400972,2023-03-08 15:09:32.411827
0,324,5,0.015432098765432098,,,0.01253239600919187,2023-03-08 15:09:32.419469,2023-03-08 15:09:32.432001
0,324,6,0.018518518518518517,,,0.014747749955859035,2023-03-08 15:09:32.440544,2023-03-08 15:09:32.455292
0,324,7,0.021604938271604937,,,0.016463461972307414,2023-03-08 15:09:32.465593,2023-03-08 15:09:32.482057
0,324,8,0.024691358024691357,,,0.0173819400370121,2023-03-08 15:09:32.493416,2023-03-08 15:09:32.510798
0,324,9,0.027777777777777776,,,0.018915436987299472,2023-03-08 15:09:32.524131,2023-03-08 15:09:32.543048
0,324,10,0.030864197530864196,,,0.02070175902917981,2023-03-08 15:09:32.557184,2023-03-08 15:09:32.577886
0,361,2,0.00554016620498615,,,0.010109684022609144,2023-03-08 15:09:32.593254,2023-03-08 15:09:32.603365
0,361,3,0.008310249307479225,,,0.010767934960313141,2023-03-08 15:09:32.609206,2023-03-08 15:09:32.619973
0,361,4,0.0110803324099723,,,0.01186366903129965,2023-03-08 15:09:32.626443,2023-03-08 15:09:32.638308
0,361,5,0.013850415512465374,,,0.014043194008991122,2023-03-08 15:09:32.646378,2023-03-08 15:09:32.660421
0,361,6,0.01662049861495845,,,0.015951668028719723,2023-03-08 15:09:32.669989,2023-03-08 15:09:32.685941
0,361,7,0.019390581717451522,,,0.018367045966442674,2023-03-08 15:09:32.696832,2023-03-08 15:09:32.715199
0,361,8,0.0221606648199446,,,0.01955224701669067,2023-03-08 15:09:32.727614,2023-03-08 15:09:32.747166
0,361,9,0.024930747922437674,,,0.02164733497193083,2023-03-08 15:09:32.760784,2023-03-08 15:09:32.782432
0,361,10,0.027700831024930747,,,0.023077538004145026,2023-03-08 15:09:32.798075,2023-03-08 15:09:32.821140
0,100,2,0.02,,,0.0030128679936751723,2023-03-08 15:09:32.837528,2023-03-08 15:09:32.840542
0,100,3,0.03,,,0.0030166389769874513,2023-03-08 15:09:32.844138,2023-03-08 15:09:32.847154
0,100,4,0.04,,,0.0033900089911185205,2023-03-08 15:09:32.850778,2023-03-08 15:09:32.854168
0,100,5,0.05,,,0.0036869029863737524,2023-03-08 15:09:32.858072,2023-03-08 15:09:32.861751
0,100,6,0.06,,,0.004417928052134812,2023-03-08 15:09:32.865910,2023-03-08 15:09:32.870328
0,100,7,0.07,,,0.0047470880090259016,2023-03-08 15:09:32.875145,2023-03-08 15:09:32.879892
0,100,8,0.08,,,0.005301973957102746,2023-03-08 15:09:32.884874,2023-03-08 15:09:32.890176
0,100,9,0.09,,,0.00540883099893108,2023-03-08 15:09:32.896426,2023-03-08 15:09:32.901835
0,100,10,0.1,,,0.006075950979720801,2023-03-08 15:09:32.907514,2023-03-08 15:09:32.913589
0,121,2,0.01652892561983471,,,0.003338326991070062,2023-03-08 15:09:32.919637,2023-03-08 15:09:32.922975
0,121,3,0.024793388429752067,,,0.0037437540013343096,2023-03-08 15:09:32.927999,2023-03-08 15:09:32.931743
0,121,4,0.03305785123966942,,,0.004029821953736246,2023-03-08 15:09:32.935656,2023-03-08 15:09:32.939685
0,121,5,0.04132231404958678,,,0.00459204101935029,2023-03-08 15:09:32.943952,2023-03-08 15:09:32.948545
0,121,6,0.049586776859504134,,,0.005430760968010873,2023-03-08 15:09:32.953382,2023-03-08 15:09:32.958813
0,121,7,0.05785123966942149,,,0.0064100699964910746,2023-03-08 15:09:32.964082,2023-03-08 15:09:32.970492
0,121,8,0.06611570247933884,,,0.006450857035815716,2023-03-08 15:09:32.976432,2023-03-08 15:09:32.982884
0,121,9,0.0743801652892562,,,0.0073018689872697,2023-03-08 15:09:32.989345,2023-03-08 15:09:32.996647
0,121,10,0.08264462809917356,,,0.008018647029530257,2023-03-08 15:09:33.003905,2023-03-08 15:09:33.011923
0,144,2,0.013888888888888888,,,0.00396920001367107,2023-03-08 15:09:33.019041,2023-03-08 15:09:33.023010
0,144,3,0.020833333333333332,,,0.004452080000191927,2023-03-08 15:09:33.026837,2023-03-08 15:09:33.031289
0,144,4,0.027777777777777776,,,0.004535540007054806,2023-03-08 15:09:33.035575,2023-03-08 15:09:33.040111
0,144,5,0.034722222222222224,,,0.0058497360441833735,2023-03-08 15:09:33.045043,2023-03-08 15:09:33.050892
0,144,6,0.041666666666666664,,,0.0060188210336491466,2023-03-08 15:09:33.056197,2023-03-08 15:09:33.062216
0,144,7,0.04861111111111111,,,0.0069250770029611886,2023-03-08 15:09:33.067845,2023-03-08 15:09:33.074769
0,144,8,0.05555555555555555,,,0.007796064019203186,2023-03-08 15:09:33.081128,2023-03-08 15:09:33.088925
0,144,9,0.0625,,,0.007875471957959235,2023-03-08 15:09:33.095803,2023-03-08 15:09:33.103680
0,144,10,0.06944444444444445,,,0.009549768990837038,2023-03-08 15:09:33.110932,2023-03-08 15:09:33.120481
0,169,2,0.011834319526627219,,,0.004410873982124031,2023-03-08 15:09:33.128352,2023-03-08 15:09:33.132763
0,169,3,0.01775147928994083,,,0.005003614001907408,2023-03-08 15:09:33.136799,2023-03-08 15:09:33.141803
0,169,4,0.023668639053254437,,,0.0060343960067257285,2023-03-08 15:09:33.146333,2023-03-08 15:09:33.152368
0,169,5,0.029585798816568046,,,0.006416564981918782,2023-03-08 15:09:33.157562,2023-03-08 15:09:33.163978
0,169,6,0.03550295857988166,,,0.0070831969496794045,2023-03-08 15:09:33.169604,2023-03-08 15:09:33.176687
0,169,7,0.04142011834319527,,,0.008860788017045707,2023-03-08 15:09:33.183311,2023-03-08 15:09:33.192172
0,169,8,0.047337278106508875,,,0.009768021991476417,2023-03-08 15:09:33.199092,2023-03-08 15:09:33.208861
0,169,9,0.05325443786982249,,,0.009598797012586147,2023-03-08 15:09:33.216515,2023-03-08 15:09:33.226114
0,169,10,0.05917159763313609,,,0.010643897054251283,2023-03-08 15:09:33.234001,2023-03-08 15:09:33.244644
0,196,2,0.01020408163265306,,,0.00517409504391253,2023-03-08 15:09:33.253403,2023-03-08 15:09:33.258577
0,196,3,0.015306122448979591,,,0.0056629120372235775,2023-03-08 15:09:33.262824,2023-03-08 15:09:33.268487
0,196,4,0.02040816326530612,,,0.006352172000333667,2023-03-08 15:09:33.273181,2023-03-08 15:09:33.279533
0,196,5,0.025510204081632654,,,0.0073723390232771635,2023-03-08 15:09:33.284923,2023-03-08 15:09:33.292296
0,196,6,0.030612244897959183,,,0.00802137004211545,2023-03-08 15:09:33.298458,2023-03-08 15:09:33.306479
0,196,7,0.03571428571428571,,,0.009104812983423471,2023-03-08 15:09:33.312834,2023-03-08 15:09:33.321941
0,196,8,0.04081632653061224,,,0.010130217007827014,2023-03-08 15:09:33.329590,2023-03-08 15:09:33.339721
0,196,9,0.04591836734693878,,,0.0111924969824031,2023-03-08 15:09:33.347472,2023-03-08 15:09:33.358665
0,196,10,0.05102040816326531,,,0.012001464958302677,2023-03-08 15:09:33.367720,2023-03-08 15:09:33.379722
0,225,2,0.008888888888888889,,,0.005967837001662701,2023-03-08 15:09:33.389289,2023-03-08 15:09:33.395257
0,225,3,0.013333333333333334,,,0.006490247033070773,2023-03-08 15:09:33.399928,2023-03-08 15:09:33.406418
0,225,4,0.017777777777777778,,,0.0077277590171433985,2023-03-08 15:09:33.411678,2023-03-08 15:09:33.419407
0,225,5,0.022222222222222223,,,0.00837504502851516,2023-03-08 15:09:33.425447,2023-03-08 15:09:33.433822
0,225,6,0.02666666666666667,,,0.009540689003188163,2023-03-08 15:09:33.440561,2023-03-08 15:09:33.450102
0,225,7,0.03111111111111111,,,0.010453998984303325,2023-03-08 15:09:33.457497,2023-03-08 15:09:33.467951
0,225,8,0.035555555555555556,,,0.01179808797314763,2023-03-08 15:09:33.476928,2023-03-08 15:09:33.488725
0,225,9,0.04,,,0.01216817501699552,2023-03-08 15:09:33.498451,2023-03-08 15:09:33.510619
0,225,10,0.044444444444444446,,,0.014386603026650846,2023-03-08 15:09:33.520332,2023-03-08 15:09:33.534718
0,256,2,0.0078125,,,0.006700608995743096,2023-03-08 15:09:33.546716,2023-03-08 15:09:33.553416
0,256,3,0.01171875,,,0.03612878103740513,2023-03-08 15:09:33.558412,2023-03-08 15:09:33.594540
0,256,4,0.015625,,,0.008477500989101827,2023-03-08 15:09:33.600403,2023-03-08 15:09:33.608880
0,256,5,0.01953125,,,0.010413980984594673,2023-03-08 15:09:33.615551,2023-03-08 15:09:33.625965
0,256,6,0.0234375,,,0.011020478967111558,2023-03-08 15:09:33.633572,2023-03-08 15:09:33.644592
0,256,7,0.02734375,,,0.01193204300943762,2023-03-08 15:09:33.652890,2023-03-08 15:09:33.664823
0,256,8,0.03125,,,0.013059554970823228,2023-03-08 15:09:33.673229,2023-03-08 15:09:33.686289
0,256,9,0.03515625,,,0.01563452003756538,2023-03-08 15:09:33.696779,2023-03-08 15:09:33.712415
0,256,10,0.0390625,,,0.016317075002007186,2023-03-08 15:09:33.724487,2023-03-08 15:09:33.740804
0,289,2,0.006920415224913495,,,0.007861085992772132,2023-03-08 15:09:33.754841,2023-03-08 15:09:33.762703
0,289,3,0.010380622837370242,,,0.008830337959807366,2023-03-08 15:09:33.768350,2023-03-08 15:09:33.777180
0,289,4,0.01384083044982699,,,0.009825012006331235,2023-03-08 15:09:33.783665,2023-03-08 15:09:33.793491
0,289,5,0.01730103806228374,,,0.011031722999177873,2023-03-08 15:09:33.801275,2023-03-08 15:09:33.812307
0,289,6,0.020761245674740483,,,0.012644350994378328,2023-03-08 15:09:33.821251,2023-03-08 15:09:33.833896
0,289,7,0.02422145328719723,,,0.014242171018850058,2023-03-08 15:09:33.843772,2023-03-08 15:09:33.858015
0,289,8,0.02768166089965398,,,0.015441829978954047,2023-03-08 15:09:33.868865,2023-03-08 15:09:33.884308
0,289,9,0.031141868512110725,,,0.017063815030269325,2023-03-08 15:09:33.897047,2023-03-08 15:09:33.914111
0,289,10,0.03460207612456748,,,0.018237630953080952,2023-03-08 15:09:33.927997,2023-03-08 15:09:33.946235
0,324,2,0.006172839506172839,,,0.009122201998252422,2023-03-08 15:09:33.961268,2023-03-08 15:09:33.970392
0,324,3,0.009259259259259259,,,0.00957875297171995,2023-03-08 15:09:33.976630,2023-03-08 15:09:33.986209
0,324,4,0.012345679012345678,,,0.011379182047676295,2023-03-08 15:09:33.993629,2023-03-08 15:09:34.005009
0,324,5,0.015432098765432098,,,0.012413455988280475,2023-03-08 15:09:34.013244,2023-03-08 15:09:34.025657
0,324,6,0.018518518518518517,,,0.015038428013212979,2023-03-08 15:09:34.034446,2023-03-08 15:09:34.049484
0,324,7,0.021604938271604937,,,0.015889439033344388,2023-03-08 15:09:34.059506,2023-03-08 15:09:34.075395
0,324,8,0.024691358024691357,,,0.01692783401813358,2023-03-08 15:09:34.087391,2023-03-08 15:09:34.104319
0,324,9,0.027777777777777776,,,0.018499045982025564,2023-03-08 15:09:34.118431,2023-03-08 15:09:34.136930
0,324,10,0.030864197530864196,,,0.020456687023397535,2023-03-08 15:09:34.150547,2023-03-08 15:09:34.171004
0,361,2,0.00554016620498615,,,0.009810345014557242,2023-03-08 15:09:34.187366,2023-03-08 15:09:34.197177
0,361,3,0.008310249307479225,,,0.010522723023314029,2023-03-08 15:09:34.202976,2023-03-08 15:09:34.213499
0,361,4,0.0110803324099723,,,0.01236233301460743,2023-03-08 15:09:34.220850,2023-03-08 15:09:34.233214
0,361,5,0.013850415512465374,,,0.014046127034816891,2023-03-08 15:09:34.241557,2023-03-08 15:09:34.255603
0,361,6,0.01662049861495845,,,0.015736347995698452,2023-03-08 15:09:34.266443,2023-03-08 15:09:34.282180
0,361,7,0.019390581717451522,,,0.017835348029620945,2023-03-08 15:09:34.293907,2023-03-08 15:09:34.311743
0,361,8,0.0221606648199446,,,0.019959139986895025,2023-03-08 15:09:34.324741,2023-03-08 15:09:34.344700
0,361,9,0.024930747922437674,,,0.021342898020520806,2023-03-08 15:09:34.359128,2023-03-08 15:09:34.380470
0,361,10,0.027700831024930747,,,0.022693692008033395,2023-03-08 15:09:34.396688,2023-03-08 15:09:34.419382
0,100,2,0.02,,,0.0031427720095962286,2023-03-08 15:09:34.438208,2023-03-08 15:09:34.441350
0,100,3,0.03,,,0.0032366380328312516,2023-03-08 15:09:34.445027,2023-03-08 15:09:34.448263
0,100,4,0.04,,,0.003665462019853294,2023-03-08 15:09:34.452327,2023-03-08 15:09:34.455993
0,100,5,0.05,,,0.004024233960080892,2023-03-08 15:09:34.460388,2023-03-08 15:09:34.464413
0,100,6,0.06,,,0.00451214297208935,2023-03-08 15:09:34.469030,2023-03-08 15:09:34.473541
0,100,7,0.07,,,0.004875943996012211,2023-03-08 15:09:34.478590,2023-03-08 15:09:34.483465
0,100,8,0.08,,,0.005681420036125928,2023-03-08 15:09:34.488696,2023-03-08 15:09:34.494377
0,100,9,0.09,,,0.0056618640082888305,2023-03-08 15:09:34.501002,2023-03-08 15:09:34.506664
0,100,10,0.1,,,0.006711502966936678,2023-03-08 15:09:34.512439,2023-03-08 15:09:34.519151
0,121,2,0.01652892561983471,,,0.0033990179654210806,2023-03-08 15:09:34.525521,2023-03-08 15:09:34.528920
0,121,3,0.024793388429752067,,,0.003445741953328252,2023-03-08 15:09:34.532664,2023-03-08 15:09:34.536109
0,121,4,0.03305785123966942,,,0.004304855014197528,2023-03-08 15:09:34.540160,2023-03-08 15:09:34.544467
0,121,5,0.04132231404958678,,,0.004623958026058972,2023-03-08 15:09:34.549429,2023-03-08 15:09:34.554053
0,121,6,0.049586776859504134,,,0.005173676006961614,2023-03-08 15:09:34.558856,2023-03-08 15:09:34.564030
0,121,7,0.05785123966942149,,,0.005754194047767669,2023-03-08 15:09:34.569364,2023-03-08 15:09:34.575118
0,121,8,0.06611570247933884,,,0.006777083966881037,2023-03-08 15:09:34.580922,2023-03-08 15:09:34.587699
0,121,9,0.0743801652892562,,,0.007388682046439499,2023-03-08 15:09:34.594302,2023-03-08 15:09:34.601691
0,121,10,0.08264462809917356,,,0.007797739002853632,2023-03-08 15:09:34.608408,2023-03-08 15:09:34.616207
0,144,2,0.013888888888888888,,,0.004054894961882383,2023-03-08 15:09:34.623252,2023-03-08 15:09:34.627307
0,144,3,0.020833333333333332,,,0.004323713015764952,2023-03-08 15:09:34.631395,2023-03-08 15:09:34.635719
0,144,4,0.027777777777777776,,,0.0046917040017433465,2023-03-08 15:09:34.640155,2023-03-08 15:09:34.644847
0,144,5,0.034722222222222224,,,0.005593909008894116,2023-03-08 15:09:34.649620,2023-03-08 15:09:34.655213
0,144,6,0.041666666666666664,,,0.006534944986924529,2023-03-08 15:09:34.660509,2023-03-08 15:09:34.667044
0,144,7,0.04861111111111111,,,0.006667642970569432,2023-03-08 15:09:34.673028,2023-03-08 15:09:34.679696
0,144,8,0.05555555555555555,,,0.008046234026551247,2023-03-08 15:09:34.686061,2023-03-08 15:09:34.694107
0,144,9,0.0625,,,0.008253731008153409,2023-03-08 15:09:34.701323,2023-03-08 15:09:34.709577
0,144,10,0.06944444444444445,,,0.009416931017767638,2023-03-08 15:09:34.716834,2023-03-08 15:09:34.726251
0,169,2,0.011834319526627219,,,0.004527927027083933,2023-03-08 15:09:34.734700,2023-03-08 15:09:34.739228
0,169,3,0.01775147928994083,,,0.0049703000113368034,2023-03-08 15:09:34.743428,2023-03-08 15:09:34.748398
0,169,4,0.023668639053254437,,,0.0057019530213437974,2023-03-08 15:09:34.753355,2023-03-08 15:09:34.759056
0,169,5,0.029585798816568046,,,0.006543676019646227,2023-03-08 15:09:34.764149,2023-03-08 15:09:34.770693
0,169,6,0.03550295857988166,,,0.007765264017507434,2023-03-08 15:09:34.776852,2023-03-08 15:09:34.784618
0,169,7,0.04142011834319527,,,0.008522688003722578,2023-03-08 15:09:34.791430,2023-03-08 15:09:34.799952
0,169,8,0.047337278106508875,,,0.008974838012363762,2023-03-08 15:09:34.807379,2023-03-08 15:09:34.816355
0,169,9,0.05325443786982249,,,0.01150552398758009,2023-03-08 15:09:34.824819,2023-03-08 15:09:34.836325
0,169,10,0.05917159763313609,,,0.010468457010574639,2023-03-08 15:09:34.845272,2023-03-08 15:09:34.855740
0,196,2,0.01020408163265306,,,0.005227174027822912,2023-03-08 15:09:34.865313,2023-03-08 15:09:34.870542
0,196,3,0.015306122448979591,,,0.005891012027859688,2023-03-08 15:09:34.875353,2023-03-08 15:09:34.881244
0,196,4,0.02040816326530612,,,0.006922423024661839,2023-03-08 15:09:34.886498,2023-03-08 15:09:34.893421
0,196,5,0.025510204081632654,,,0.007633124012500048,2023-03-08 15:09:34.899999,2023-03-08 15:09:34.907632
0,196,6,0.030612244897959183,,,0.00900158699369058,2023-03-08 15:09:34.913917,2023-03-08 15:09:34.922919
0,196,7,0.03571428571428571,,,0.009450524987187237,2023-03-08 15:09:34.930311,2023-03-08 15:09:34.939763
0,196,8,0.04081632653061224,,,0.010982975014485419,2023-03-08 15:09:34.948111,2023-03-08 15:09:34.959094
0,196,9,0.04591836734693878,,,0.012593228020705283,2023-03-08 15:09:34.968327,2023-03-08 15:09:34.980921
0,196,10,0.05102040816326531,,,0.012894382001832128,2023-03-08 15:09:34.990188,2023-03-08 15:09:35.003084
0,225,2,0.008888888888888889,,,0.006391702045220882,2023-03-08 15:09:35.013507,2023-03-08 15:09:35.019898
0,225,3,0.013333333333333334,,,0.006748937943484634,2023-03-08 15:09:35.024625,2023-03-08 15:09:35.031375
0,225,4,0.017777777777777778,,,0.008050702977925539,2023-03-08 15:09:35.036812,2023-03-08 15:09:35.044864
0,225,5,0.022222222222222223,,,0.009189109958242625,2023-03-08 15:09:35.051168,2023-03-08 15:09:35.060358
0,225,6,0.02666666666666667,,,0.009506328031420708,2023-03-08 15:09:35.067521,2023-03-08 15:09:35.077027
0,225,7,0.03111111111111111,,,0.01237483398290351,2023-03-08 15:09:35.085045,2023-03-08 15:09:35.097420
0,225,8,0.035555555555555556,,,0.01243685296503827,2023-03-08 15:09:35.106754,2023-03-08 15:09:35.119192
0,225,9,0.04,,,0.013373908994253725,2023-03-08 15:09:35.129008,2023-03-08 15:09:35.142383
0,225,10,0.044444444444444446,,,0.014092432975303382,2023-03-08 15:09:35.153172,2023-03-08 15:09:35.167266
0,256,2,0.0078125,,,0.006956366007216275,2023-03-08 15:09:35.178547,2023-03-08 15:09:35.185504
0,256,3,0.01171875,,,0.007874773989897221,2023-03-08 15:09:35.190280,2023-03-08 15:09:35.198155
0,256,4,0.015625,,,0.010107170033734292,2023-03-08 15:09:35.204262,2023-03-08 15:09:35.214369
0,256,5,0.01953125,,,0.010056325991172343,2023-03-08 15:09:35.222037,2023-03-08 15:09:35.232094
0,256,6,0.0234375,,,0.011982747993897647,2023-03-08 15:09:35.239536,2023-03-08 15:09:35.251518
0,256,7,0.02734375,,,0.016734863980673254,2023-03-08 15:09:35.262754,2023-03-08 15:09:35.279489
0,256,8,0.03125,,,0.019426812999881804,2023-03-08 15:09:35.290333,2023-03-08 15:09:35.309759
0,256,9,0.03515625,,,0.02015350799774751,2023-03-08 15:09:35.322236,2023-03-08 15:09:35.342391
0,256,10,0.0390625,,,0.015990359999705106,2023-03-08 15:09:35.356323,2023-03-08 15:09:35.372314
0,289,2,0.006920415224913495,,,0.010060584987513721,2023-03-08 15:09:35.387704,2023-03-08 15:09:35.397766
0,289,3,0.010380622837370242,,,0.012274123961105943,2023-03-08 15:09:35.404756,2023-03-08 15:09:35.417031
0,289,4,0.01384083044982699,,,0.01375566003844142,2023-03-08 15:09:35.425438,2023-03-08 15:09:35.439194
0,289,5,0.01730103806228374,,,0.015803744026925415,2023-03-08 15:09:35.447377,2023-03-08 15:09:35.463182
0,289,6,0.020761245674740483,,,0.01229500601766631,2023-03-08 15:09:35.471327,2023-03-08 15:09:35.483622
0,289,7,0.02422145328719723,,,0.013934173039160669,2023-03-08 15:09:35.493060,2023-03-08 15:09:35.506994
0,289,8,0.02768166089965398,,,0.015848442970309407,2023-03-08 15:09:35.517947,2023-03-08 15:09:35.533795
0,289,9,0.031141868512110725,,,0.016693167970515788,2023-03-08 15:09:35.546362,2023-03-08 15:09:35.563056
0,289,10,0.03460207612456748,,,0.01753887301310897,2023-03-08 15:09:35.575748,2023-03-08 15:09:35.593286
0,324,2,0.006172839506172839,,,0.008750928973313421,2023-03-08 15:09:35.607170,2023-03-08 15:09:35.615921
0,324,3,0.009259259259259259,,,0.009376144967973232,2023-03-08 15:09:35.622634,2023-03-08 15:09:35.632009
0,324,4,0.012345679012345678,,,0.010613237041980028,2023-03-08 15:09:35.638732,2023-03-08 15:09:35.649343
0,324,5,0.015432098765432098,,,0.012837390997447073,2023-03-08 15:09:35.656970,2023-03-08 15:09:35.669808
0,324,6,0.018518518518518517,,,0.013875576027203351,2023-03-08 15:09:35.679336,2023-03-08 15:09:35.693211
0,324,7,0.021604938271604937,,,0.015306337969377637,2023-03-08 15:09:35.704489,2023-03-08 15:09:35.719797
0,324,8,0.024691358024691357,,,0.016764266998507082,2023-03-08 15:09:35.731750,2023-03-08 15:09:35.748514
0,324,9,0.027777777777777776,,,0.01887234498281032,2023-03-08 15:09:35.761548,2023-03-08 15:09:35.780421
0,324,10,0.030864197530864196,,,0.021980267018079758,2023-03-08 15:09:35.795178,2023-03-08 15:09:35.817160
0,361,2,0.00554016620498615,,,0.010248526989016682,2023-03-08 15:09:35.835383,2023-03-08 15:09:35.845632
0,361,3,0.008310249307479225,,,0.011268274975009263,2023-03-08 15:09:35.852384,2023-03-08 15:09:35.863653
0,361,4,0.0110803324099723,,,0.012093446042854339,2023-03-08 15:09:35.871146,2023-03-08 15:09:35.883239
0,361,5,0.013850415512465374,,,0.014880029018968344,2023-03-08 15:09:35.892390,2023-03-08 15:09:35.907270
0,361,6,0.01662049861495845,,,0.015308082976844162,2023-03-08 15:09:35.917929,2023-03-08 15:09:35.933238
0,361,7,0.019390581717451522,,,0.01712932495865971,2023-03-08 15:09:35.944219,2023-03-08 15:09:35.961348
0,361,8,0.0221606648199446,,,0.0204582930309698,2023-03-08 15:09:35.975061,2023-03-08 15:09:35.995520
0,361,9,0.024930747922437674,,,0.02034200803609565,2023-03-08 15:09:36.039118,2023-03-08 15:09:36.059459
0,361,10,0.027700831024930747,,,0.02179309300845489,2023-03-08 15:09:36.076224,2023-03-08 15:09:36.098017
