,N,C,time,sinks
0,50,1,0.0012164115905761719,True
1,50,1,0.0009851455688476562,False
2,60,1,0.0009250640869140625,True
3,60,1,0.001089334487915039,False
4,70,1,0.001007080078125,True
5,70,1,0.0011191368103027344,False
6,80,1,0.0010623931884765625,True
7,80,1,0.0014514923095703125,False
8,90,1,0.0013704299926757812,True
9,90,1,0.0014832019805908203,False
10,100,1,0.0013971328735351562,True
11,100,1,0.0015935897827148438,False
12,110,1,0.001669168472290039,True
13,110,1,0.002089977264404297,False
14,120,1,0.0017609596252441406,True
15,120,1,0.002905607223510742,False
16,130,1,0.0018639564514160156,True
17,130,1,0.0020859241485595703,False
18,140,1,0.0018768310546875,True
19,140,1,0.00264739990234375,False
20,150,1,0.0020978450775146484,True
21,150,1,0.0027267932891845703,False
22,160,1,0.0027561187744140625,True
23,160,1,0.002511262893676758,False
24,170,1,0.002340555191040039,True
25,170,1,0.002773761749267578,False
26,180,1,0.002420186996459961,True
27,180,1,0.0029528141021728516,False
28,190,1,0.002833843231201172,True
29,190,1,0.003322601318359375,False
30,200,1,0.0027666091918945312,True
31,200,1,0.0032041072845458984,False
32,210,1,0.00286865234375,True
33,210,1,0.003286123275756836,False
34,220,1,0.003043651580810547,True
35,220,1,0.0035483837127685547,False
36,230,1,0.0032243728637695312,True
37,230,1,0.0036454200744628906,False
38,240,1,0.0033304691314697266,True
39,240,1,0.0038890838623046875,False
40,250,1,0.0035109519958496094,True
41,250,1,0.004047393798828125,False
42,260,1,0.003657817840576172,True
43,260,1,0.004265785217285156,False
44,270,1,0.004100322723388672,True
45,270,1,0.0048296451568603516,False
46,280,1,0.0039021968841552734,True
47,280,1,0.004886627197265625,False
48,290,1,0.0046846866607666016,True
49,290,1,0.004727602005004883,False
50,300,1,0.004503488540649414,True
51,300,1,0.005118608474731445,False
52,310,1,0.004267454147338867,True
53,310,1,0.005827188491821289,False
54,320,1,0.004876613616943359,True
55,320,1,0.005434751510620117,False
56,330,1,0.00478816032409668,True
57,330,1,0.005414724349975586,False
58,340,1,0.005191802978515625,True
59,340,1,0.005897045135498047,False
60,350,1,0.005221843719482422,True
61,350,1,0.005746126174926758,False
62,360,1,0.005551338195800781,True
63,360,1,0.006534099578857422,False
64,370,1,0.005789995193481445,True
65,370,1,0.007529020309448242,False
66,380,1,0.005937099456787109,True
67,380,1,0.006917715072631836,False
68,390,1,0.006018161773681641,True
69,390,1,0.007246255874633789,False
70,400,1,0.006215333938598633,True
71,400,1,0.0073392391204833984,False
72,410,1,0.006421089172363281,True
73,410,1,0.007571697235107422,False
74,420,1,0.0066034793853759766,True
75,420,1,0.007752656936645508,False
76,430,1,0.006616353988647461,True
77,430,1,0.007744789123535156,False
78,440,1,0.006958961486816406,True
79,440,1,0.008006811141967773,False
80,450,1,0.006976604461669922,True
81,450,1,0.008016586303710938,False
82,460,1,0.007120609283447266,True
83,460,1,0.008206367492675781,False
84,470,1,0.007135868072509766,True
85,470,1,0.008352518081665039,False
86,480,1,0.007135152816772461,True
87,480,1,0.008435249328613281,False
88,490,1,0.007807731628417969,True
89,490,1,0.008620023727416992,False
90,500,1,0.007602691650390625,True
91,500,1,0.008914709091186523,False
92,510,1,0.00791478157043457,True
93,510,1,0.009207725524902344,False
94,520,1,0.007889509201049805,True
95,520,1,0.009321212768554688,False
96,530,1,0.007929086685180664,True
97,530,1,0.00944066047668457,False
98,540,1,0.00823354721069336,True
99,540,1,0.009521007537841797,False
100,550,1,0.00820612907409668,True
101,550,1,0.009697198867797852,False
102,560,1,0.008683204650878906,True
103,560,1,0.009988546371459961,False
104,570,1,0.008800983428955078,True
105,570,1,0.010502338409423828,False
106,580,1,0.008959531784057617,True
107,580,1,0.010725736618041992,False
108,590,1,0.009107112884521484,True
109,590,1,0.010816574096679688,False
110,600,1,0.009142875671386719,True
111,600,1,0.010794639587402344,False
112,610,1,0.009269475936889648,True
113,610,1,0.010573148727416992,False
114,620,1,0.009039163589477539,True
115,620,1,0.010588645935058594,False
116,630,1,0.009068727493286133,True
117,630,1,0.010622978210449219,False
118,640,1,0.009384870529174805,True
119,640,1,0.010888099670410156,False
120,650,1,0.009577035903930664,True
121,650,1,0.01105499267578125,False
122,660,1,0.009505033493041992,True
123,660,1,0.011233091354370117,False
124,670,1,0.009507894515991211,True
125,670,1,0.011394262313842773,False
126,680,1,0.009914636611938477,True
127,680,1,0.011677265167236328,False
128,690,1,0.0099334716796875,True
129,690,1,0.01166391372680664,False
130,700,1,0.009951353073120117,True
131,700,1,0.01193857192993164,False
132,710,1,0.01030588150024414,True
133,710,1,0.012055635452270508,False
134,720,1,0.01043558120727539,True
135,720,1,0.012398958206176758,False
136,730,1,0.010824203491210938,True
137,730,1,0.012721776962280273,False
138,740,1,0.01092529296875,True
139,740,1,0.012744903564453125,False
140,750,1,0.011115789413452148,True
141,750,1,0.012784719467163086,False
142,760,1,0.011338233947753906,True
143,760,1,0.01300501823425293,False
144,770,1,0.011203765869140625,True
145,770,1,0.013328790664672852,False
146,780,1,0.011404275894165039,True
147,780,1,0.013413667678833008,False
148,790,1,0.01196908950805664,True
149,790,1,0.014096975326538086,False
150,800,1,0.01328587532043457,True
151,800,1,0.014722108840942383,False
152,810,1,0.012979745864868164,True
153,810,1,0.015335559844970703,False
154,820,1,0.012288093566894531,True
155,820,1,0.014496326446533203,False
156,830,1,0.012723445892333984,True
157,830,1,0.014743328094482422,False
158,840,1,0.01297140121459961,True
159,840,1,0.015001296997070312,False
160,850,1,0.013573169708251953,True
161,850,1,0.015778064727783203,False
162,860,1,0.01404261589050293,True
163,860,1,0.015997648239135742,False
164,870,1,0.013772726058959961,True
165,870,1,0.015834331512451172,False
166,880,1,0.013825178146362305,True
167,880,1,0.015962839126586914,False
168,890,1,0.01384878158569336,True
169,890,1,0.0162203311920166,False
170,900,1,0.014001131057739258,True
171,900,1,0.015628337860107422,False
172,910,1,0.013293266296386719,True
173,910,1,0.015993118286132812,False
174,920,1,0.013543844223022461,True
175,920,1,0.015682220458984375,False
176,930,1,0.013738155364990234,True
177,930,1,0.016303062438964844,False
178,940,1,0.014269828796386719,True
179,940,1,0.015900850296020508,False
180,950,1,0.013880729675292969,True
181,950,1,0.01617264747619629,False
182,960,1,0.014340877532958984,True
183,960,1,0.016518115997314453,False
184,970,1,0.01489567756652832,True
185,970,1,0.01785445213317871,False
186,980,1,0.015401840209960938,True
187,980,1,0.017116785049438477,False
188,990,1,0.014422416687011719,True
189,990,1,0.016762495040893555,False
190,50,1,0.0006883144378662109,True
191,50,1,0.0008060932159423828,False
192,60,1,0.0008087158203125,True
193,60,1,0.0009672641754150391,False
194,70,1,0.0009393692016601562,True
195,70,1,0.0011444091796875,False
196,80,1,0.0012142658233642578,True
197,80,1,0.0013091564178466797,False
198,90,1,0.0013279914855957031,True
199,90,1,0.0015459060668945312,False
200,100,1,0.0014903545379638672,True
201,100,1,0.0016634464263916016,False
202,110,1,0.0015723705291748047,True
203,110,1,0.0018496513366699219,False
204,120,1,0.001825094223022461,True
205,120,1,0.002055644989013672,False
206,130,1,0.0018854141235351562,True
207,130,1,0.002161741256713867,False
208,140,1,0.0020678043365478516,True
209,140,1,0.002343416213989258,False
210,150,1,0.00213623046875,True
211,150,1,0.0025327205657958984,False
212,160,1,0.002235889434814453,True
213,160,1,0.002460956573486328,False
214,170,1,0.00244140625,True
215,170,1,0.0026426315307617188,False
216,180,1,0.002521991729736328,True
217,180,1,0.002914905548095703,False
218,190,1,0.0025796890258789062,True
219,190,1,0.002998828887939453,False
220,200,1,0.002778291702270508,True
221,200,1,0.003221273422241211,False
222,210,1,0.002912282943725586,True
223,210,1,0.003331899642944336,False
224,220,1,0.0031032562255859375,True
225,220,1,0.003528594970703125,False
226,230,1,0.003343343734741211,True
227,230,1,0.0037338733673095703,False
228,240,1,0.0034952163696289062,True
229,240,1,0.004167079925537109,False
230,250,1,0.003707408905029297,True
231,250,1,0.004332065582275391,False
232,260,1,0.0037522315979003906,True
233,260,1,0.004487037658691406,False
234,270,1,0.004109382629394531,True
235,270,1,0.004669666290283203,False
236,280,1,0.004146099090576172,True
237,280,1,0.004685401916503906,False
238,290,1,0.004196643829345703,True
239,290,1,0.005057573318481445,False
240,300,1,0.0044558048248291016,True
241,300,1,0.005371809005737305,False
242,310,1,0.004749774932861328,True
243,310,1,0.005313873291015625,False
244,320,1,0.004442453384399414,True
245,320,1,0.005257129669189453,False
246,330,1,0.004634380340576172,True
247,330,1,0.005409717559814453,False
248,340,1,0.004781484603881836,True
249,340,1,0.005510807037353516,False
250,350,1,0.004939556121826172,True
251,350,1,0.0056896209716796875,False
252,360,1,0.005052089691162109,True
253,360,1,0.00580906867980957,False
254,370,1,0.005506038665771484,True
255,370,1,0.0064640045166015625,False
256,380,1,0.005622148513793945,True
257,380,1,0.006760835647583008,False
258,390,1,0.005917549133300781,True
259,390,1,0.007076740264892578,False
260,400,1,0.006057024002075195,True
261,400,1,0.007082700729370117,False
262,410,1,0.006363630294799805,True
263,410,1,0.007343292236328125,False
264,420,1,0.006484031677246094,True
265,420,1,0.007552385330200195,False
266,430,1,0.006518125534057617,True
267,430,1,0.007565736770629883,False
268,440,1,0.0068471431732177734,True
269,440,1,0.00803685188293457,False
270,450,1,0.007080793380737305,True
271,450,1,0.008275747299194336,False
272,460,1,0.00723576545715332,True
273,460,1,0.008414983749389648,False
274,470,1,0.007436513900756836,True
275,470,1,0.00868535041809082,False
276,480,1,0.00748753547668457,True
277,480,1,0.0088653564453125,False
278,490,1,0.0076825618743896484,True
279,490,1,0.008928775787353516,False
280,500,1,0.007840871810913086,True
281,500,1,0.009297609329223633,False
282,510,1,0.008080482482910156,True
283,510,1,0.009252786636352539,False
284,520,1,0.008126258850097656,True
285,520,1,0.009245157241821289,False
286,530,1,0.008287429809570312,True
287,530,1,0.009598970413208008,False
288,540,1,0.0084228515625,True
289,540,1,0.009996175765991211,False
290,550,1,0.008678913116455078,True
291,550,1,0.010102510452270508,False
292,560,1,0.008916854858398438,True
293,560,1,0.010365962982177734,False
294,570,1,0.008981704711914062,True
295,570,1,0.010697364807128906,False
296,580,1,0.009029388427734375,True
297,580,1,0.01037740707397461,False
298,590,1,0.009227752685546875,True
299,590,1,0.010767936706542969,False
300,600,1,0.009484291076660156,True
301,600,1,0.011399507522583008,False
302,610,1,0.009912729263305664,True
303,610,1,0.011558055877685547,False
304,620,1,0.010027647018432617,True
305,620,1,0.011307954788208008,False
306,630,1,0.009924650192260742,True
307,630,1,0.011475324630737305,False
308,640,1,0.01019740104675293,True
309,640,1,0.011713266372680664,False
310,650,1,0.010165929794311523,True
311,650,1,0.011773347854614258,False
312,660,1,0.01037740707397461,True
313,660,1,0.012133598327636719,False
314,670,1,0.01059103012084961,True
315,670,1,0.012243270874023438,False
316,680,1,0.010327816009521484,True
317,680,1,0.012317419052124023,False
318,690,1,0.010938644409179688,True
319,690,1,0.012561559677124023,False
320,700,1,0.010627508163452148,True
321,700,1,0.012930870056152344,False
322,710,1,0.011233329772949219,True
323,710,1,0.01293182373046875,False
324,720,1,0.011376142501831055,True
325,720,1,0.013194799423217773,False
326,730,1,0.011397600173950195,True
327,730,1,0.013352155685424805,False
328,740,1,0.011743783950805664,True
329,740,1,0.013788461685180664,False
330,750,1,0.011970758438110352,True
331,750,1,0.014002799987792969,False
332,760,1,0.012028932571411133,True
333,760,1,0.014007091522216797,False
334,770,1,0.012225151062011719,True
335,770,1,0.014166116714477539,False
336,780,1,0.012362241744995117,True
337,780,1,0.014390945434570312,False
338,790,1,0.014191865921020508,True
339,790,1,0.014047622680664062,False
340,800,1,0.011336565017700195,True
341,800,1,0.01350259780883789,False
342,810,1,0.01167440414428711,True
343,810,1,0.013663291931152344,False
344,820,1,0.011890411376953125,True
345,820,1,0.013724803924560547,False
346,830,1,0.011968612670898438,True
347,830,1,0.014026641845703125,False
348,840,1,0.012146711349487305,True
349,840,1,0.013986349105834961,False
350,850,1,0.012267112731933594,True
351,850,1,0.014164209365844727,False
352,860,1,0.01215982437133789,True
353,860,1,0.014632701873779297,False
354,870,1,0.013235330581665039,True
355,870,1,0.015690326690673828,False
356,880,1,0.012613773345947266,True
357,880,1,0.01464533805847168,False
358,890,1,0.012820720672607422,True
359,890,1,0.014987468719482422,False
360,900,1,0.013004302978515625,True
361,900,1,0.015424013137817383,False
362,910,1,0.013166189193725586,True
363,910,1,0.015128135681152344,False
364,920,1,0.012998342514038086,True
365,920,1,0.01534414291381836,False
366,930,1,0.013761758804321289,True
367,930,1,0.015575647354125977,False
368,940,1,0.01342916488647461,True
369,940,1,0.015766620635986328,False
370,950,1,0.013682842254638672,True
371,950,1,0.015859127044677734,False
372,960,1,0.013860940933227539,True
373,960,1,0.016318559646606445,False
374,970,1,0.013971805572509766,True
375,970,1,0.01623368263244629,False
376,980,1,0.014187335968017578,True
377,980,1,0.01631641387939453,False
378,990,1,0.01422262191772461,True
379,990,1,0.01676464080810547,False
380,50,1,0.0007333755493164062,True
381,50,1,0.0008380413055419922,False
382,60,1,0.0009076595306396484,True
383,60,1,0.0009791851043701172,False
384,70,1,0.0009510517120361328,True
385,70,1,0.001130819320678711,False
386,80,1,0.0011446475982666016,True
387,80,1,0.0013201236724853516,False
388,90,1,0.0012733936309814453,True
389,90,1,0.0014719963073730469,False
390,100,1,0.0014905929565429688,True
391,100,1,0.0016646385192871094,False
392,110,1,0.0015826225280761719,True
393,110,1,0.0017533302307128906,False
394,120,1,0.001734018325805664,True
395,120,1,0.0019452571868896484,False
396,130,1,0.0018892288208007812,True
397,130,1,0.002140045166015625,False
398,140,1,0.0019583702087402344,True
399,140,1,0.002153158187866211,False
400,150,1,0.0020918846130371094,True
401,150,1,0.002330780029296875,False
402,160,1,0.002187967300415039,True
403,160,1,0.0025038719177246094,False
404,170,1,0.002291440963745117,True
405,170,1,0.002642393112182617,False
406,180,1,0.002463817596435547,True
407,180,1,0.0028238296508789062,False
408,190,1,0.0025620460510253906,True
409,190,1,0.0029439926147460938,False
410,200,1,0.002756357192993164,True
411,200,1,0.003158092498779297,False
412,210,1,0.0028481483459472656,True
413,210,1,0.0032682418823242188,False
414,220,1,0.003072023391723633,True
415,220,1,0.0034759044647216797,False
416,230,1,0.0031769275665283203,True
417,230,1,0.0036668777465820312,False
418,240,1,0.003274679183959961,True
419,240,1,0.003765106201171875,False
420,250,1,0.003451108932495117,True
421,250,1,0.0039060115814208984,False
422,260,1,0.0037355422973632812,True
423,260,1,0.004152536392211914,False
424,270,1,0.0036499500274658203,True
425,270,1,0.0042874813079833984,False
426,280,1,0.0038518905639648438,True
427,280,1,0.004472494125366211,False
428,290,1,0.004096508026123047,True
429,290,1,0.004667520523071289,False
430,300,1,0.0042040348052978516,True
431,300,1,0.004813432693481445,False
432,310,1,0.004284858703613281,True
433,310,1,0.005026102066040039,False
434,320,1,0.004425525665283203,True
435,320,1,0.005194187164306641,False
436,330,1,0.00457000732421875,True
437,330,1,0.005273103713989258,False
438,340,1,0.00471806526184082,True
439,340,1,0.005512714385986328,False
440,350,1,0.004900693893432617,True
441,350,1,0.005659341812133789,False
442,360,1,0.0050334930419921875,True
443,360,1,0.005837678909301758,False
444,370,1,0.005120277404785156,True
445,370,1,0.005994081497192383,False
446,380,1,0.005270481109619141,True
447,380,1,0.006240129470825195,False
448,390,1,0.005383491516113281,True
449,390,1,0.006284952163696289,False
450,400,1,0.005583763122558594,True
451,400,1,0.0065081119537353516,False
452,410,1,0.00591588020324707,True
453,410,1,0.006655216217041016,False
454,420,1,0.005888938903808594,True
455,420,1,0.00683903694152832,False
456,430,1,0.005967617034912109,True
457,430,1,0.0070896148681640625,False
458,440,1,0.006129741668701172,True
459,440,1,0.007063627243041992,False
460,450,1,0.0064067840576171875,True
461,450,1,0.007328033447265625,False
462,460,1,0.006495237350463867,True
463,460,1,0.007593870162963867,False
464,470,1,0.006643772125244141,True
465,470,1,0.007814407348632812,False
466,480,1,0.006710529327392578,True
467,480,1,0.007859468460083008,False
468,490,1,0.006792783737182617,True
469,490,1,0.008041858673095703,False
470,500,1,0.007102489471435547,True
471,500,1,0.008202314376831055,False
472,510,1,0.007266521453857422,True
473,510,1,0.008242368698120117,False
474,520,1,0.007429361343383789,True
475,520,1,0.008498907089233398,False
476,530,1,0.007345676422119141,True
477,530,1,0.008658647537231445,False
478,540,1,0.007715940475463867,True
479,540,1,0.008832931518554688,False
480,550,1,0.007847309112548828,True
481,550,1,0.00899815559387207,False
482,560,1,0.007880210876464844,True
483,560,1,0.009212017059326172,False
484,570,1,0.008193731307983398,True
485,570,1,0.009334087371826172,False
486,580,1,0.008301258087158203,True
487,580,1,0.009503364562988281,False
488,590,1,0.008337736129760742,True
489,590,1,0.009705066680908203,False
490,600,1,0.008448600769042969,True
491,600,1,0.009722232818603516,False
492,610,1,0.008732318878173828,True
493,610,1,0.009995222091674805,False
494,620,1,0.008882522583007812,True
495,620,1,0.01033926010131836,False
496,630,1,0.008932352066040039,True
497,630,1,0.010465145111083984,False
498,640,1,0.008994817733764648,True
499,640,1,0.010887861251831055,False
500,650,1,0.009328126907348633,True
501,650,1,0.010920047760009766,False
502,660,1,0.009383916854858398,True
503,660,1,0.010870933532714844,False
504,670,1,0.009637594223022461,True
505,670,1,0.010961771011352539,False
506,680,1,0.009669065475463867,True
507,680,1,0.011188268661499023,False
508,690,1,0.009799003601074219,True
509,690,1,0.011348724365234375,False
510,700,1,0.009915351867675781,True
511,700,1,0.01157999038696289,False
512,710,1,0.010016202926635742,True
513,710,1,0.011688947677612305,False
514,720,1,0.010920524597167969,True
515,720,1,0.01198577880859375,False
516,730,1,0.010526180267333984,True
517,730,1,0.012061834335327148,False
518,740,1,0.010657072067260742,True
519,740,1,0.012322425842285156,False
520,750,1,0.010728836059570312,True
521,750,1,0.012436389923095703,False
522,760,1,0.010835409164428711,True
523,760,1,0.012754440307617188,False
524,770,1,0.011164188385009766,True
525,770,1,0.012764215469360352,False
526,780,1,0.011136531829833984,True
527,780,1,0.012971639633178711,False
528,790,1,0.011343240737915039,True
529,790,1,0.012913942337036133,False
530,800,1,0.011337518692016602,True
531,800,1,0.013114690780639648,False
532,810,1,0.01182103157043457,True
533,810,1,0.013388872146606445,False
534,820,1,0.01192331314086914,True
535,820,1,0.013724327087402344,False
536,830,1,0.01182413101196289,True
537,830,1,0.013907909393310547,False
538,840,1,0.011713743209838867,True
539,840,1,0.013968467712402344,False
540,850,1,0.01223611831665039,True
541,850,1,0.014260292053222656,False
542,860,1,0.012297868728637695,True
543,860,1,0.014274835586547852,False
544,870,1,0.012483835220336914,True
545,870,1,0.014465093612670898,False
546,880,1,0.012384176254272461,True
547,880,1,0.014790534973144531,False
548,890,1,0.012751102447509766,True
549,890,1,0.014709711074829102,False
550,900,1,0.012707948684692383,True
551,900,1,0.014991283416748047,False
552,910,1,0.012883424758911133,True
553,910,1,0.015071868896484375,False
554,920,1,0.013042449951171875,True
555,920,1,0.015263080596923828,False
556,930,1,0.01332545280456543,True
557,930,1,0.015468358993530273,False
558,940,1,0.01340627670288086,True
559,940,1,0.015587091445922852,False
560,950,1,0.013611316680908203,True
561,950,1,0.015903711318969727,False
562,960,1,0.014319896697998047,True
563,960,1,0.017349720001220703,False
564,970,1,0.01496434211730957,True
565,970,1,0.01751708984375,False
566,980,1,0.015061616897583008,True
567,980,1,0.017504453659057617,False
568,990,1,0.01483154296875,True
569,990,1,0.017723798751831055,False
570,50,1,0.0007243156433105469,True
571,50,1,0.0008420944213867188,False
572,60,1,0.0009107589721679688,True
573,60,1,0.0010373592376708984,False
574,70,1,0.0010542869567871094,True
575,70,1,0.0011415481567382812,False
576,80,1,0.0011639595031738281,True
577,80,1,0.0013303756713867188,False
578,90,1,0.0013403892517089844,True
579,90,1,0.0014677047729492188,False
580,100,1,0.0015110969543457031,True
581,100,1,0.0016489028930664062,False
582,110,1,0.0016269683837890625,True
583,110,1,0.0018906593322753906,False
584,120,1,0.001752614974975586,True
585,120,1,0.0019724369049072266,False
586,130,1,0.0018427371978759766,True
587,130,1,0.0021686553955078125,False
588,140,1,0.0020012855529785156,True
589,140,1,0.0022945404052734375,False
590,150,1,0.002263307571411133,True
591,150,1,0.002497434616088867,False
592,160,1,0.002272367477416992,True
593,160,1,0.0026988983154296875,False
594,170,1,0.002448558807373047,True
595,170,1,0.0028700828552246094,False
596,180,1,0.002620220184326172,True
597,180,1,0.002959728240966797,False
598,190,1,0.0027196407318115234,True
599,190,1,0.003133058547973633,False
600,200,1,0.002840280532836914,True
601,200,1,0.0032732486724853516,False
602,210,1,0.0030112266540527344,True
603,210,1,0.0035371780395507812,False
604,220,1,0.003165721893310547,True
605,220,1,0.0037703514099121094,False
606,230,1,0.003280162811279297,True
607,230,1,0.0038826465606689453,False
608,240,1,0.0034520626068115234,True
609,240,1,0.004045248031616211,False
610,250,1,0.003547191619873047,True
611,250,1,0.0041866302490234375,False
612,260,1,0.004041194915771484,True
613,260,1,0.004462003707885742,False
614,270,1,0.003897428512573242,True
615,270,1,0.004665851593017578,False
616,280,1,0.004128694534301758,True
617,280,1,0.004897117614746094,False
618,290,1,0.004284381866455078,True
619,290,1,0.004879951477050781,False
620,300,1,0.004477977752685547,True
621,300,1,0.0051555633544921875,False
622,310,1,0.004586935043334961,True
623,310,1,0.005337238311767578,False
624,320,1,0.004735469818115234,True
625,320,1,0.0054645538330078125,False
626,330,1,0.004920244216918945,True
627,330,1,0.00560307502746582,False
628,340,1,0.00503993034362793,True
629,340,1,0.005761384963989258,False
630,350,1,0.005043983459472656,True
631,350,1,0.0059773921966552734,False
632,360,1,0.005242824554443359,True
633,360,1,0.006199836730957031,False
634,370,1,0.005490541458129883,True
635,370,1,0.0063436031341552734,False
636,380,1,0.005634784698486328,True
637,380,1,0.006396055221557617,False
638,390,1,0.005776643753051758,True
639,390,1,0.00669550895690918,False
640,400,1,0.006128787994384766,True
641,400,1,0.006960868835449219,False
642,410,1,0.00611567497253418,True
643,410,1,0.007131099700927734,False
644,420,1,0.0064961910247802734,True
645,420,1,0.007334709167480469,False
646,430,1,0.006409883499145508,True
647,430,1,0.007520437240600586,False
648,440,1,0.006697893142700195,True
649,440,1,0.007695198059082031,False
650,450,1,0.0068128108978271484,True
651,450,1,0.007838010787963867,False
652,460,1,0.007019996643066406,True
653,460,1,0.007970333099365234,False
654,470,1,0.0069408416748046875,True
655,470,1,0.008139848709106445,False
656,480,1,0.0073206424713134766,True
657,480,1,0.008503437042236328,False
658,490,1,0.007505893707275391,True
659,490,1,0.00879049301147461,False
660,500,1,0.007692575454711914,True
661,500,1,0.008840084075927734,False
662,510,1,0.00769805908203125,True
663,510,1,0.009900093078613281,False
664,520,1,0.0077800750732421875,True
665,520,1,0.009143590927124023,False
666,530,1,0.00849771499633789,True
667,530,1,0.009283065795898438,False
668,540,1,0.008262872695922852,True
669,540,1,0.009478569030761719,False
670,550,1,0.00830841064453125,True
671,550,1,0.009815692901611328,False
672,560,1,0.008652687072753906,True
673,560,1,0.009822845458984375,False
674,570,1,0.008780956268310547,True
675,570,1,0.010204553604125977,False
676,580,1,0.008766651153564453,True
677,580,1,0.010441303253173828,False
678,590,1,0.009104490280151367,True
679,590,1,0.010645866394042969,False
680,600,1,0.009315967559814453,True
681,600,1,0.01055455207824707,False
682,610,1,0.009426355361938477,True
683,610,1,0.010890483856201172,False
684,620,1,0.009545564651489258,True
685,620,1,0.011121749877929688,False
686,630,1,0.009551048278808594,True
687,630,1,0.011371374130249023,False
688,640,1,0.009792327880859375,True
689,640,1,0.011785030364990234,False
690,650,1,0.010025978088378906,True
691,650,1,0.011733531951904297,False
692,660,1,0.010160446166992188,True
693,660,1,0.011941671371459961,False
694,670,1,0.0105743408203125,True
695,670,1,0.012069940567016602,False
696,680,1,0.010874271392822266,True
697,680,1,0.012747049331665039,False
698,690,1,0.01089024543762207,True
699,690,1,0.012170553207397461,False
700,700,1,0.009934186935424805,True
701,700,1,0.011589527130126953,False
702,710,1,0.010364770889282227,True
703,710,1,0.012015581130981445,False
704,720,1,0.010976791381835938,True
705,720,1,0.012819290161132812,False
706,730,1,0.01150822639465332,True
707,730,1,0.013070344924926758,False
708,740,1,0.010646343231201172,True
709,740,1,0.012403249740600586,False
710,750,1,0.01090383529663086,True
711,750,1,0.012552976608276367,False
712,760,1,0.010970830917358398,True
713,760,1,0.012665271759033203,False
714,770,1,0.011651277542114258,True
715,770,1,0.013684988021850586,False
716,780,1,0.01175379753112793,True
717,780,1,0.013797760009765625,False
718,790,1,0.012116670608520508,True
719,790,1,0.013983964920043945,False
720,800,1,0.012524127960205078,True
721,800,1,0.014244556427001953,False
722,810,1,0.012206315994262695,True
723,810,1,0.014572620391845703,False
724,820,1,0.01238703727722168,True
725,820,1,0.015210390090942383,False
726,830,1,0.013214111328125,True
727,830,1,0.01622796058654785,False
728,840,1,0.013383626937866211,True
729,840,1,0.015389680862426758,False
730,850,1,0.013303279876708984,True
731,850,1,0.015421867370605469,False
732,860,1,0.013021469116210938,True
733,860,1,0.015379667282104492,False
734,870,1,0.012399435043334961,True
735,870,1,0.01445627212524414,False
736,880,1,0.012668609619140625,True
737,880,1,0.01479339599609375,False
738,890,1,0.013068675994873047,True
739,890,1,0.014892339706420898,False
740,900,1,0.013014078140258789,True
741,900,1,0.015450716018676758,False
742,910,1,0.013660192489624023,True
743,910,1,0.01613450050354004,False
744,920,1,0.01405954360961914,True
745,920,1,0.016498565673828125,False
746,930,1,0.013837575912475586,True
747,930,1,0.016326189041137695,False
748,940,1,0.013871908187866211,True
749,940,1,0.015989065170288086,False
750,950,1,0.013832807540893555,True
751,950,1,0.015950679779052734,False
752,960,1,0.013988733291625977,True
753,960,1,0.01623225212097168,False
754,970,1,0.014041662216186523,True
755,970,1,0.0164644718170166,False
756,980,1,0.014400243759155273,True
757,980,1,0.016607046127319336,False
758,990,1,0.014546632766723633,True
759,990,1,0.016828536987304688,False
760,50,1,0.0007774829864501953,True
761,50,1,0.0008137226104736328,False
762,60,1,0.0008254051208496094,True
763,60,1,0.0009212493896484375,False
764,70,1,0.0009639263153076172,True
765,70,1,0.0011143684387207031,False
766,80,1,0.0011515617370605469,True
767,80,1,0.0012331008911132812,False
768,90,1,0.0012083053588867188,True
769,90,1,0.0016188621520996094,False
770,100,1,0.0014755725860595703,True
771,100,1,0.0017521381378173828,False
772,110,1,0.0015735626220703125,True
773,110,1,0.001789093017578125,False
774,120,1,0.0016508102416992188,True
775,120,1,0.0019931793212890625,False
776,130,1,0.0018689632415771484,True
777,130,1,0.002171754837036133,False
778,140,1,0.001947641372680664,True
779,140,1,0.0022406578063964844,False
780,150,1,0.002029895782470703,True
781,150,1,0.0022978782653808594,False
782,160,1,0.0022125244140625,True
783,160,1,0.0024483203887939453,False
784,170,1,0.002367258071899414,True
785,170,1,0.0027663707733154297,False
786,180,1,0.0024611949920654297,True
787,180,1,0.0029113292694091797,False
788,190,1,0.0026280879974365234,True
789,190,1,0.0029859542846679688,False
790,200,1,0.002859354019165039,True
791,200,1,0.0031280517578125,False
792,210,1,0.002957582473754883,True
793,210,1,0.0033690929412841797,False
794,220,1,0.0031554698944091797,True
795,220,1,0.003492593765258789,False
796,230,1,0.0034401416778564453,True
797,230,1,0.003782987594604492,False
798,240,1,0.003551483154296875,True
799,240,1,0.003964900970458984,False
800,250,1,0.003660917282104492,True
801,250,1,0.0041501522064208984,False
802,260,1,0.0037283897399902344,True
803,260,1,0.004401445388793945,False
804,270,1,0.003914356231689453,True
805,270,1,0.004582881927490234,False
806,280,1,0.003851652145385742,True
807,280,1,0.004608869552612305,False
808,290,1,0.004189252853393555,True
809,290,1,0.004806995391845703,False
810,300,1,0.00446629524230957,True
811,300,1,0.004923105239868164,False
812,310,1,0.004431009292602539,True
813,310,1,0.005266427993774414,False
814,320,1,0.004811286926269531,True
815,320,1,0.005326986312866211,False
816,330,1,0.004670858383178711,True
817,330,1,0.005423307418823242,False
818,340,1,0.004964113235473633,True
819,340,1,0.005827903747558594,False
820,350,1,0.005400896072387695,True
821,350,1,0.0062198638916015625,False
822,360,1,0.005380153656005859,True
823,360,1,0.006353616714477539,False
824,370,1,0.005772590637207031,True
825,370,1,0.006826877593994141,False
826,380,1,0.005667924880981445,True
827,380,1,0.006628274917602539,False
828,390,1,0.005966663360595703,True
829,390,1,0.0066530704498291016,False
830,400,1,0.005861520767211914,True
831,400,1,0.006803274154663086,False
832,410,1,0.005959510803222656,True
833,410,1,0.0069370269775390625,False
834,420,1,0.006117105484008789,True
835,420,1,0.0071527957916259766,False
836,430,1,0.0063703060150146484,True
837,430,1,0.007266044616699219,False
838,440,1,0.00653529167175293,True
839,440,1,0.007645845413208008,False
840,450,1,0.006842374801635742,True
841,450,1,0.0077245235443115234,False
842,460,1,0.006933927536010742,True
843,460,1,0.008248329162597656,False
844,470,1,0.007073879241943359,True
845,470,1,0.007871389389038086,False
846,480,1,0.006864070892333984,True
847,480,1,0.008150339126586914,False
848,490,1,0.007069587707519531,True
849,490,1,0.008323907852172852,False
850,500,1,0.007111549377441406,True
851,500,1,0.008337974548339844,False
852,510,1,0.0073621273040771484,True
853,510,1,0.008631706237792969,False
854,520,1,0.007697343826293945,True
855,520,1,0.008652925491333008,False
856,530,1,0.0075376033782958984,True
857,530,1,0.008801698684692383,False
858,540,1,0.007831573486328125,True
859,540,1,0.00904536247253418,False
860,550,1,0.00801229476928711,True
861,550,1,0.009190082550048828,False
862,560,1,0.008101224899291992,True
863,560,1,0.009629487991333008,False
864,570,1,0.00835871696472168,True
865,570,1,0.009750127792358398,False
866,580,1,0.009107589721679688,True
867,580,1,0.010387420654296875,False
868,590,1,0.008910179138183594,True
869,590,1,0.010358572006225586,False
870,600,1,0.008887290954589844,True
871,600,1,0.010335445404052734,False
872,610,1,0.009138822555541992,True
873,610,1,0.010613441467285156,False
874,620,1,0.009197711944580078,True
875,620,1,0.010490655899047852,False
876,630,1,0.009046554565429688,True
877,630,1,0.01081705093383789,False
878,640,1,0.009502887725830078,True
879,640,1,0.010852336883544922,False
880,650,1,0.009181022644042969,True
881,650,1,0.010828733444213867,False
882,660,1,0.009434938430786133,True
883,660,1,0.010910987854003906,False
884,670,1,0.009587526321411133,True
885,670,1,0.01140284538269043,False
886,680,1,0.009472131729125977,True
887,680,1,0.01132965087890625,False
888,690,1,0.00988626480102539,True
889,690,1,0.011686086654663086,False
890,700,1,0.010084390640258789,True
891,700,1,0.012392759323120117,False
892,710,1,0.010725021362304688,True
893,710,1,0.012410879135131836,False
894,720,1,0.010623455047607422,True
895,720,1,0.012499570846557617,False
896,730,1,0.010859012603759766,True
897,730,1,0.012285470962524414,False
898,740,1,0.010534048080444336,True
899,740,1,0.012282371520996094,False
900,750,1,0.011315107345581055,True
901,750,1,0.013332128524780273,False
902,760,1,0.011168479919433594,True
903,760,1,0.012830734252929688,False
904,770,1,0.011009454727172852,True
905,770,1,0.013033866882324219,False
906,780,1,0.011174201965332031,True
907,780,1,0.013362407684326172,False
908,790,1,0.011264562606811523,True
909,790,1,0.014106035232543945,False
910,800,1,0.011788606643676758,True
911,800,1,0.01364588737487793,False
912,810,1,0.012074470520019531,True
913,810,1,0.013972997665405273,False
914,820,1,0.01184225082397461,True
915,820,1,0.013863801956176758,False
916,830,1,0.012026786804199219,True
917,830,1,0.014029741287231445,False
918,840,1,0.012137651443481445,True
919,840,1,0.01456141471862793,False
920,850,1,0.012586593627929688,True
921,850,1,0.015210151672363281,False
922,860,1,0.012874364852905273,True
923,860,1,0.015238046646118164,False
924,870,1,0.013210296630859375,True
925,870,1,0.01473546028137207,False
926,880,1,0.012738704681396484,True
927,880,1,0.014844655990600586,False
928,890,1,0.013013601303100586,True
929,890,1,0.014919757843017578,False
930,900,1,0.013031005859375,True
931,900,1,0.015263795852661133,False
932,910,1,0.012984752655029297,True
933,910,1,0.015256166458129883,False
934,920,1,0.013129949569702148,True
935,920,1,0.015436410903930664,False
936,930,1,0.013301849365234375,True
937,930,1,0.015658855438232422,False
938,940,1,0.013688802719116211,True
939,940,1,0.016589641571044922,False
940,950,1,0.014373540878295898,True
941,950,1,0.015790224075317383,False
942,960,1,0.013943672180175781,True
943,960,1,0.016021251678466797,False
944,970,1,0.01414036750793457,True
945,970,1,0.017042875289916992,False
946,980,1,0.014853477478027344,True
947,980,1,0.016879796981811523,False
948,990,1,0.01441049575805664,True
949,990,1,0.017019987106323242,False
950,50,1,0.0007050037384033203,True
951,50,1,0.0007951259613037109,False
952,60,1,0.0008256435394287109,True
953,60,1,0.0009212493896484375,False
954,70,1,0.0009930133819580078,True
955,70,1,0.0011353492736816406,False
956,80,1,0.0010578632354736328,True
957,80,1,0.0012390613555908203,False
958,90,1,0.0012178421020507812,True
959,90,1,0.0014324188232421875,False
960,100,1,0.0013782978057861328,True
961,100,1,0.0015218257904052734,False
962,110,1,0.0015115737915039062,True
963,110,1,0.001706838607788086,False
964,120,1,0.0016467571258544922,True
965,120,1,0.001949310302734375,False
966,130,1,0.0017905235290527344,True
967,130,1,0.0020132064819335938,False
968,140,1,0.001916646957397461,True
969,140,1,0.0021452903747558594,False
970,150,1,0.002035379409790039,True
971,150,1,0.0025844573974609375,False
972,160,1,0.0022988319396972656,True
973,160,1,0.0026717185974121094,False
974,170,1,0.0024755001068115234,True
975,170,1,0.002839326858520508,False
976,180,1,0.0026221275329589844,True
977,180,1,0.0030171871185302734,False
978,190,1,0.0027284622192382812,True
979,190,1,0.0031309127807617188,False
980,200,1,0.002767324447631836,True
981,200,1,0.003199338912963867,False
982,210,1,0.0027976036071777344,True
983,210,1,0.003322124481201172,False
984,220,1,0.003020048141479492,True
985,220,1,0.0035042762756347656,False
986,230,1,0.003239870071411133,True
987,230,1,0.0036695003509521484,False
988,240,1,0.003309488296508789,True
989,240,1,0.003947734832763672,False
990,250,1,0.0035996437072753906,True
991,250,1,0.004056453704833984,False
992,260,1,0.0035800933837890625,True
993,260,1,0.0042803287506103516,False
994,270,1,0.003682851791381836,True
995,270,1,0.004282712936401367,False
996,280,1,0.004065752029418945,True
997,280,1,0.0044634342193603516,False
998,290,1,0.004063606262207031,True
999,290,1,0.004718303680419922,False
1000,300,1,0.004163026809692383,True
1001,300,1,0.004873514175415039,False
1002,310,1,0.004278421401977539,True
1003,310,1,0.004980564117431641,False
1004,320,1,0.00440669059753418,True
1005,320,1,0.005503654479980469,False
1006,330,1,0.004876852035522461,True
1007,330,1,0.005451202392578125,False
1008,340,1,0.0047321319580078125,True
1009,340,1,0.005556821823120117,False
1010,350,1,0.0048999786376953125,True
1011,350,1,0.005644559860229492,False
1012,360,1,0.0051212310791015625,True
1013,360,1,0.005809307098388672,False
1014,370,1,0.005135297775268555,True
1015,370,1,0.006057262420654297,False
1016,380,1,0.005343914031982422,True
1017,380,1,0.006097078323364258,False
1018,390,1,0.005368232727050781,True
1019,390,1,0.006234169006347656,False
1020,400,1,0.005597352981567383,True
1021,400,1,0.006495237350463867,False
1022,410,1,0.005734682083129883,True
1023,410,1,0.006634712219238281,False
1024,420,1,0.005839109420776367,True
1025,420,1,0.00677490234375,False
1026,430,1,0.0060272216796875,True
1027,430,1,0.0069887638092041016,False
1028,440,1,0.006148099899291992,True
1029,440,1,0.007193565368652344,False
1030,450,1,0.006245851516723633,True
1031,450,1,0.007157802581787109,False
1032,460,1,0.006512641906738281,True
1033,460,1,0.007441282272338867,False
1034,470,1,0.006559610366821289,True
1035,470,1,0.007590770721435547,False
1036,480,1,0.006796598434448242,True
1037,480,1,0.007845878601074219,False
1038,490,1,0.006829261779785156,True
1039,490,1,0.008005619049072266,False
1040,500,1,0.007112741470336914,True
1041,500,1,0.008108377456665039,False
1042,510,1,0.007021188735961914,True
1043,510,1,0.008396387100219727,False
1044,520,1,0.0072977542877197266,True
1045,520,1,0.008517742156982422,False
1046,530,1,0.0074312686920166016,True
1047,530,1,0.008669614791870117,False
1048,540,1,0.007594585418701172,True
1049,540,1,0.008859634399414062,False
1050,550,1,0.007930278778076172,True
1051,550,1,0.009089469909667969,False
1052,560,1,0.007860898971557617,True
1053,560,1,0.009138107299804688,False
1054,570,1,0.00801849365234375,True
1055,570,1,0.009353160858154297,False
1056,580,1,0.008192300796508789,True
1057,580,1,0.009607076644897461,False
1058,590,1,0.008261442184448242,True
1059,590,1,0.00981450080871582,False
1060,600,1,0.0085296630859375,True
1061,600,1,0.010006427764892578,False
1062,610,1,0.008922338485717773,True
1063,610,1,0.010146617889404297,False
1064,620,1,0.00920414924621582,True
1065,620,1,0.010523796081542969,False
1066,630,1,0.009550333023071289,True
1067,630,1,0.011328697204589844,False
1068,640,1,0.009702444076538086,True
1069,640,1,0.011528730392456055,False
1070,650,1,0.00985264778137207,True
1071,650,1,0.011000871658325195,False
1072,660,1,0.009379863739013672,True
1073,660,1,0.01109766960144043,False
1074,670,1,0.009675025939941406,True
1075,670,1,0.01115107536315918,False
1076,680,1,0.009759187698364258,True
1077,680,1,0.011484146118164062,False
1078,690,1,0.010568618774414062,True
1079,690,1,0.012304544448852539,False
1080,700,1,0.010286092758178711,True
1081,700,1,0.012183189392089844,False
1082,710,1,0.010108709335327148,True
1083,710,1,0.011912345886230469,False
1084,720,1,0.010133028030395508,True
1085,720,1,0.011898994445800781,False
1086,730,1,0.010372400283813477,True
1087,730,1,0.012031316757202148,False
1088,740,1,0.010720968246459961,True
1089,740,1,0.012351751327514648,False
1090,750,1,0.010982751846313477,True
1091,750,1,0.012468576431274414,False
1092,760,1,0.0108489990234375,True
1093,760,1,0.013301610946655273,False
1094,770,1,0.011499166488647461,True
1095,770,1,0.013039112091064453,False
1096,780,1,0.011730432510375977,True
1097,780,1,0.01296234130859375,False
1098,790,1,0.01145482063293457,True
1099,790,1,0.013129472732543945,False
1100,800,1,0.011812210083007812,True
1101,800,1,0.013254642486572266,False
1102,810,1,0.01181650161743164,True
1103,810,1,0.01346731185913086,False
1104,820,1,0.011862516403198242,True
1105,820,1,0.013815879821777344,False
1106,830,1,0.012108087539672852,True
1107,830,1,0.01454019546508789,False
1108,840,1,0.012234687805175781,True
1109,840,1,0.014250755310058594,False
1110,850,1,0.01282358169555664,True
1111,850,1,0.014985084533691406,False
1112,860,1,0.012902259826660156,True
1113,860,1,0.015508651733398438,False
1114,870,1,0.012582540512084961,True
1115,870,1,0.014681339263916016,False
1116,880,1,0.01261281967163086,True
1117,880,1,0.014923334121704102,False
1118,890,1,0.012606620788574219,True
1119,890,1,0.014938116073608398,False
1120,900,1,0.013085365295410156,True
1121,900,1,0.015027999877929688,False
1122,910,1,0.013056755065917969,True
1123,910,1,0.015224456787109375,False
1124,920,1,0.01329183578491211,True
1125,920,1,0.015615463256835938,False
1126,930,1,0.013139963150024414,True
1127,930,1,0.015592813491821289,False
1128,940,1,0.013642311096191406,True
1129,940,1,0.015642642974853516,False
1130,950,1,0.013659954071044922,True
1131,950,1,0.01589679718017578,False
1132,960,1,0.013853788375854492,True
1133,960,1,0.01627063751220703,False
1134,970,1,0.013991594314575195,True
1135,970,1,0.016184091567993164,False
1136,980,1,0.013979673385620117,True
1137,980,1,0.016247034072875977,False
1138,990,1,0.014354228973388672,True
1139,990,1,0.016510725021362305,False
1140,50,1,0.0007357597351074219,True
1141,50,1,0.0007846355438232422,False
1142,60,1,0.0008168220520019531,True
1143,60,1,0.0009508132934570312,False
1144,70,1,0.0009253025054931641,True
1145,70,1,0.0010793209075927734,False
1146,80,1,0.001058340072631836,True
1147,80,1,0.0012793540954589844,False
1148,90,1,0.0012083053588867188,True
1149,90,1,0.001382589340209961,False
1150,100,1,0.001382589340209961,True
1151,100,1,0.0015516281127929688,False
1152,110,1,0.0015337467193603516,True
1153,110,1,0.0016849040985107422,False
1154,120,1,0.0016393661499023438,True
1155,120,1,0.0018260478973388672,False
1156,130,1,0.0017673969268798828,True
1157,130,1,0.0020165443420410156,False
1158,140,1,0.0018618106842041016,True
1159,140,1,0.002131938934326172,False
1160,150,1,0.0020568370819091797,True
1161,150,1,0.0023126602172851562,False
1162,160,1,0.002217531204223633,True
1163,160,1,0.002471446990966797,False
1164,170,1,0.002304553985595703,True
1165,170,1,0.0026459693908691406,False
1166,180,1,0.0024535655975341797,True
1167,180,1,0.002836942672729492,False
1168,190,1,0.0025937557220458984,True
1169,190,1,0.002968311309814453,False
1170,200,1,0.0027768611907958984,True
1171,200,1,0.0031349658966064453,False
1172,210,1,0.0029027462005615234,True
1173,210,1,0.003263711929321289,False
1174,220,1,0.002924680709838867,True
1175,220,1,0.0034317970275878906,False
1176,230,1,0.0032672882080078125,True
1177,230,1,0.003742218017578125,False
1178,240,1,0.003220081329345703,True
1179,240,1,0.003751516342163086,False
1180,250,1,0.0034782886505126953,True
1181,250,1,0.003937482833862305,False
1182,260,1,0.0035364627838134766,True
1183,260,1,0.004137992858886719,False
1184,270,1,0.0038933753967285156,True
1185,270,1,0.00435328483581543,False
1186,280,1,0.0038406848907470703,True
1187,280,1,0.004446268081665039,False
1188,290,1,0.004043102264404297,True
1189,290,1,0.004590034484863281,False
1190,300,1,0.004202604293823242,True
1191,300,1,0.004820108413696289,False
1192,310,1,0.004295825958251953,True
1193,310,1,0.004914045333862305,False
1194,320,1,0.004483461380004883,True
1195,320,1,0.005209207534790039,False
1196,330,1,0.004587888717651367,True
1197,330,1,0.0053026676177978516,False
1198,340,1,0.004795074462890625,True
1199,340,1,0.005468130111694336,False
1200,350,1,0.0047969818115234375,True
1201,350,1,0.0056056976318359375,False
1202,360,1,0.004958629608154297,True
1203,360,1,0.005773305892944336,False
1204,370,1,0.005170106887817383,True
1205,370,1,0.005936861038208008,False
1206,380,1,0.005211353302001953,True
1207,380,1,0.006134033203125,False
1208,390,1,0.005478382110595703,True
1209,390,1,0.006211042404174805,False
1210,400,1,0.005534648895263672,True
1211,400,1,0.006586790084838867,False
1212,410,1,0.005816221237182617,True
1213,410,1,0.006715297698974609,False
1214,420,1,0.005929708480834961,True
1215,420,1,0.0068781375885009766,False
1216,430,1,0.006074190139770508,True
1217,430,1,0.007020473480224609,False
1218,440,1,0.0060269832611083984,True
1219,440,1,0.007330894470214844,False
1220,450,1,0.00645136833190918,True
1221,450,1,0.007528066635131836,False
1222,460,1,0.0064792633056640625,True
1223,460,1,0.00793766975402832,False
1224,470,1,0.006856679916381836,True
1225,470,1,0.00799417495727539,False
1226,480,1,0.007255077362060547,True
1227,480,1,0.00803685188293457,False
1228,490,1,0.007021427154541016,True
1229,490,1,0.008306264877319336,False
1230,500,1,0.007210731506347656,True
1231,500,1,0.00812983512878418,False
1232,510,1,0.0072116851806640625,True
1233,510,1,0.008259773254394531,False
1234,520,1,0.007779121398925781,True
1235,520,1,0.009042024612426758,False
1236,530,1,0.0075685977935791016,True
1237,530,1,0.008791923522949219,False
1238,540,1,0.00784158706665039,True
1239,540,1,0.009034872055053711,False
1240,550,1,0.007682085037231445,True
1241,550,1,0.008871793746948242,False
1242,560,1,0.0077075958251953125,True
1243,560,1,0.009231090545654297,False
1244,570,1,0.008088350296020508,True
1245,570,1,0.009679317474365234,False
1246,580,1,0.008500814437866211,True
1247,580,1,0.010106325149536133,False
1248,590,1,0.008747100830078125,True
1249,590,1,0.010282039642333984,False
1250,600,1,0.008997440338134766,True
1251,600,1,0.010414838790893555,False
1252,610,1,0.009114742279052734,True
1253,610,1,0.010840177536010742,False
1254,620,1,0.009659767150878906,True
1255,620,1,0.011000633239746094,False
1256,630,1,0.009632587432861328,True
1257,630,1,0.01116323471069336,False
1258,640,1,0.009105682373046875,True
1259,640,1,0.010560035705566406,False
1260,650,1,0.00918889045715332,True
1261,650,1,0.010797262191772461,False
1262,660,1,0.009361982345581055,True
1263,660,1,0.011022329330444336,False
1264,670,1,0.009644031524658203,True
1265,670,1,0.011124610900878906,False
1266,680,1,0.009762048721313477,True
1267,680,1,0.011340856552124023,False
1268,690,1,0.009888887405395508,True
1269,690,1,0.011452674865722656,False
1270,700,1,0.01002192497253418,True
1271,700,1,0.011514663696289062,False
1272,710,1,0.010086774826049805,True
1273,710,1,0.011638402938842773,False
1274,720,1,0.010312318801879883,True
1275,720,1,0.011917829513549805,False
1276,730,1,0.010363101959228516,True
1277,730,1,0.012293577194213867,False
1278,740,1,0.01136016845703125,True
1279,740,1,0.013163089752197266,False
1280,750,1,0.010695695877075195,True
1281,750,1,0.01250457763671875,False
1282,760,1,0.010682106018066406,True
1283,760,1,0.012498140335083008,False
1284,770,1,0.010985612869262695,True
1285,770,1,0.012884140014648438,False
1286,780,1,0.01102590560913086,True
1287,780,1,0.01287078857421875,False
1288,790,1,0.011220216751098633,True
1289,790,1,0.013205766677856445,False
1290,800,1,0.011441230773925781,True
1291,800,1,0.013229608535766602,False
1292,810,1,0.011662960052490234,True
1293,810,1,0.013587236404418945,False
1294,820,1,0.011900663375854492,True
1295,820,1,0.01360774040222168,False
1296,830,1,0.011892080307006836,True
1297,830,1,0.013817071914672852,False
1298,840,1,0.012180566787719727,True
1299,840,1,0.013947725296020508,False
1300,850,1,0.012392520904541016,True
1301,850,1,0.014311075210571289,False
1302,860,1,0.012491941452026367,True
1303,860,1,0.014651298522949219,False
1304,870,1,0.013041973114013672,True
1305,870,1,0.015054464340209961,False
1306,880,1,0.012853384017944336,True
1307,880,1,0.015051126480102539,False
1308,890,1,0.01355886459350586,True
1309,890,1,0.01535487174987793,False
1310,900,1,0.01362156867980957,True
1311,900,1,0.01609969139099121,False
1312,910,1,0.013111114501953125,True
1313,910,1,0.015091419219970703,False
1314,920,1,0.013406753540039062,True
1315,920,1,0.015399932861328125,False
1316,930,1,0.013443708419799805,True
1317,930,1,0.015503406524658203,False
1318,940,1,0.013620615005493164,True
1319,940,1,0.01578807830810547,False
1320,950,1,0.013709545135498047,True
1321,950,1,0.016948938369750977,False
1322,960,1,0.013832569122314453,True
1323,960,1,0.016224384307861328,False
1324,970,1,0.014147281646728516,True
1325,970,1,0.016162872314453125,False
1326,980,1,0.014008283615112305,True
1327,980,1,0.016542673110961914,False
1328,990,1,0.014379739761352539,True
1329,990,1,0.016479015350341797,False
1330,50,1,0.0007297992706298828,True
1331,50,1,0.0007655620574951172,False
1332,60,1,0.0008461475372314453,True
1333,60,1,0.0009450912475585938,False
1334,70,1,0.0009362697601318359,True
1335,70,1,0.0011086463928222656,False
1336,80,1,0.001074075698852539,True
1337,80,1,0.0012178421020507812,False
1338,90,1,0.0011947154998779297,True
1339,90,1,0.0013637542724609375,False
1340,100,1,0.0013594627380371094,True
1341,100,1,0.001519918441772461,False
1342,110,1,0.0014798641204833984,True
1343,110,1,0.0017304420471191406,False
1344,120,1,0.001627206802368164,True
1345,120,1,0.001863241195678711,False
1346,130,1,0.0017588138580322266,True
1347,130,1,0.002023458480834961,False
1348,140,1,0.0019423961639404297,True
1349,140,1,0.002155780792236328,False
1350,150,1,0.0020275115966796875,True
1351,150,1,0.0023758411407470703,False
1352,160,1,0.002184152603149414,True
1353,160,1,0.0024864673614501953,False
1354,170,1,0.002313852310180664,True
1355,170,1,0.002832651138305664,False
1356,180,1,0.0024945735931396484,True
1357,180,1,0.0028181076049804688,False
1358,190,1,0.002536296844482422,True
1359,190,1,0.003042936325073242,False
1360,200,1,0.002654552459716797,True
1361,200,1,0.003137826919555664,False
1362,210,1,0.002916574478149414,True
1363,210,1,0.003473997116088867,False
1364,220,1,0.004367351531982422,True
1365,220,1,0.0046885013580322266,False
1366,230,1,0.0033180713653564453,True
1367,230,1,0.003991127014160156,False
1368,240,1,0.0036652088165283203,True
1369,240,1,0.003930091857910156,False
1370,250,1,0.0034189224243164062,True
1371,250,1,0.0046579837799072266,False
1372,260,1,0.00410151481628418,True
1373,260,1,0.00440526008605957,False
1374,270,1,0.0036859512329101562,True
1375,270,1,0.0045413970947265625,False
1376,280,1,0.004215717315673828,True
1377,280,1,0.00454401969909668,False
1378,290,1,0.004251718521118164,True
1379,290,1,0.004791259765625,False
1380,300,1,0.004732847213745117,True
1381,300,1,0.00518035888671875,False
1382,310,1,0.004566192626953125,True
1383,310,1,0.0051271915435791016,False
1384,320,1,0.0046198368072509766,True
1385,320,1,0.005193471908569336,False
1386,330,1,0.004494667053222656,True
1387,330,1,0.0052337646484375,False
1388,340,1,0.004772663116455078,True
1389,340,1,0.005439043045043945,False
1390,350,1,0.0050275325775146484,True
1391,350,1,0.00588679313659668,False
1392,360,1,0.005223989486694336,True
1393,360,1,0.006133556365966797,False
1394,370,1,0.005413055419921875,True
1395,370,1,0.006333589553833008,False
1396,380,1,0.0056819915771484375,True
1397,380,1,0.006467580795288086,False
1398,390,1,0.006003618240356445,True
1399,390,1,0.006833314895629883,False
1400,400,1,0.006086111068725586,True
1401,400,1,0.0069768428802490234,False
1402,410,1,0.006023883819580078,True
1403,410,1,0.007064104080200195,False
1404,420,1,0.006247758865356445,True
1405,420,1,0.007134675979614258,False
1406,430,1,0.006483793258666992,True
1407,430,1,0.007379293441772461,False
1408,440,1,0.006533622741699219,True
1409,440,1,0.007513284683227539,False
1410,450,1,0.006474733352661133,True
1411,450,1,0.0074481964111328125,False
1412,460,1,0.006798267364501953,True
1413,460,1,0.007860898971557617,False
1414,470,1,0.007071018218994141,True
1415,470,1,0.007981538772583008,False
1416,480,1,0.007499217987060547,True
1417,480,1,0.008063077926635742,False
1418,490,1,0.007112264633178711,True
1419,490,1,0.009051322937011719,False
1420,500,1,0.0073587894439697266,True
1421,500,1,0.008220672607421875,False
1422,510,1,0.007297039031982422,True
1423,510,1,0.008489608764648438,False
1424,520,1,0.008081912994384766,True
1425,520,1,0.009219884872436523,False
1426,530,1,0.008212804794311523,True
1427,530,1,0.009425163269042969,False
1428,540,1,0.00828409194946289,True
1429,540,1,0.009637594223022461,False
1430,550,1,0.008213281631469727,True
1431,550,1,0.01012730598449707,False
1432,560,1,0.008969306945800781,True
1433,560,1,0.01015329360961914,False
1434,570,1,0.008845806121826172,True
1435,570,1,0.010507345199584961,False
1436,580,1,0.008747100830078125,True
1437,580,1,0.010571002960205078,False
1438,590,1,0.00914311408996582,True
1439,590,1,0.010682106018066406,False
1440,600,1,0.009329557418823242,True
1441,600,1,0.010853767395019531,False
1442,610,1,0.009365558624267578,True
1443,610,1,0.011016130447387695,False
1444,620,1,0.009374618530273438,True
1445,620,1,0.011112451553344727,False
1446,630,1,0.009668588638305664,True
1447,630,1,0.011280298233032227,False
1448,640,1,0.009595632553100586,True
1449,640,1,0.011433839797973633,False
1450,650,1,0.009852886199951172,True
1451,650,1,0.011559009552001953,False
1452,660,1,0.009946823120117188,True
1453,660,1,0.011846780776977539,False
1454,670,1,0.010086536407470703,True
1455,670,1,0.011712312698364258,False
1456,680,1,0.010246038436889648,True
1457,680,1,0.01256418228149414,False
1458,690,1,0.01055908203125,True
1459,690,1,0.012415170669555664,False
1460,700,1,0.010671854019165039,True
1461,700,1,0.012570858001708984,False
1462,710,1,0.010672569274902344,True
1463,710,1,0.012693166732788086,False
1464,720,1,0.010869741439819336,True
1465,720,1,0.012597084045410156,False
1466,730,1,0.011076688766479492,True
1467,730,1,0.013123750686645508,False
1468,740,1,0.011234283447265625,True
1469,740,1,0.013057231903076172,False
1470,750,1,0.011334657669067383,True
1471,750,1,0.013468027114868164,False
1472,760,1,0.011687517166137695,True
1473,760,1,0.013643264770507812,False
1474,770,1,0.011646270751953125,True
1475,770,1,0.014206886291503906,False
1476,780,1,0.012120723724365234,True
1477,780,1,0.014142751693725586,False
1478,790,1,0.011977910995483398,True
1479,790,1,0.014101266860961914,False
1480,800,1,0.012452840805053711,True
1481,800,1,0.01474761962890625,False
1482,810,1,0.012377262115478516,True
1483,810,1,0.014426231384277344,False
1484,820,1,0.012525320053100586,True
1485,820,1,0.014598846435546875,False
1486,830,1,0.013103961944580078,True
1487,830,1,0.015040874481201172,False
1488,840,1,0.013195037841796875,True
1489,840,1,0.015444517135620117,False
1490,850,1,0.012865066528320312,True
1491,850,1,0.015053510665893555,False
1492,860,1,0.013228178024291992,True
1493,860,1,0.01556396484375,False
1494,870,1,0.013198375701904297,True
1495,870,1,0.015520095825195312,False
1496,880,1,0.013528585433959961,True
1497,880,1,0.01594066619873047,False
1498,890,1,0.013738155364990234,True
1499,890,1,0.01608896255493164,False
1500,900,1,0.0139312744140625,True
1501,900,1,0.016022443771362305,False
1502,910,1,0.013967037200927734,True
1503,910,1,0.016222476959228516,False
1504,920,1,0.014560222625732422,True
1505,920,1,0.016504526138305664,False
1506,930,1,0.014339447021484375,True
1507,930,1,0.0166933536529541,False
1508,940,1,0.014492988586425781,True
1509,940,1,0.016997814178466797,False
1510,950,1,0.014584779739379883,True
1511,950,1,0.0169217586517334,False
1512,960,1,0.015115022659301758,True
1513,960,1,0.01734185218811035,False
1514,970,1,0.014316082000732422,True
1515,970,1,0.01606011390686035,False
1516,980,1,0.014166593551635742,True
1517,980,1,0.0164945125579834,False
1518,990,1,0.014334440231323242,True
1519,990,1,0.016575336456298828,False
1520,50,1,0.0007231235504150391,True
1521,50,1,0.0008087158203125,False
1522,60,1,0.0007960796356201172,True
1523,60,1,0.0009224414825439453,False
1524,70,1,0.0009474754333496094,True
1525,70,1,0.001051187515258789,False
1526,80,1,0.0010907649993896484,True
1527,80,1,0.0012226104736328125,False
1528,90,1,0.0011799335479736328,True
1529,90,1,0.001428365707397461,False
1530,100,1,0.0013861656188964844,True
1531,100,1,0.0015494823455810547,False
1532,110,1,0.0014772415161132812,True
1533,110,1,0.0017590522766113281,False
1534,120,1,0.0016512870788574219,True
1535,120,1,0.0018701553344726562,False
1536,130,1,0.0017733573913574219,True
1537,130,1,0.0020177364349365234,False
1538,140,1,0.0019419193267822266,True
1539,140,1,0.0021712779998779297,False
1540,150,1,0.0020334720611572266,True
1541,150,1,0.002301454544067383,False
1542,160,1,0.0021178722381591797,True
1543,160,1,0.0024874210357666016,False
1544,170,1,0.002286672592163086,True
1545,170,1,0.002664804458618164,False
1546,180,1,0.0028252601623535156,True
1547,180,1,0.003122568130493164,False
1548,190,1,0.0029201507568359375,True
1549,190,1,0.003087282180786133,False
1550,200,1,0.0028905868530273438,True
1551,200,1,0.0033173561096191406,False
1552,210,1,0.003009319305419922,True
1553,210,1,0.003547191619873047,False
1554,220,1,0.003153562545776367,True
1555,220,1,0.003703594207763672,False
1556,230,1,0.0033731460571289062,True
1557,230,1,0.003929615020751953,False
1558,240,1,0.0034966468811035156,True
1559,240,1,0.004050731658935547,False
1560,250,1,0.003713369369506836,True
1561,250,1,0.004210233688354492,False
1562,260,1,0.0038928985595703125,True
1563,260,1,0.004518032073974609,False
1564,270,1,0.003975391387939453,True
1565,270,1,0.004666566848754883,False
1566,280,1,0.004193544387817383,True
1567,280,1,0.0047948360443115234,False
1568,290,1,0.004406452178955078,True
1569,290,1,0.004887104034423828,False
1570,300,1,0.0046122074127197266,True
1571,300,1,0.005248069763183594,False
1572,310,1,0.004609107971191406,True
1573,310,1,0.0054302215576171875,False
1574,320,1,0.004895925521850586,True
1575,320,1,0.005514621734619141,False
1576,330,1,0.005074977874755859,True
1577,330,1,0.005999326705932617,False
1578,340,1,0.00527501106262207,True
1579,340,1,0.0060577392578125,False
1580,350,1,0.0055577754974365234,True
1581,350,1,0.006402015686035156,False
1582,360,1,0.005525827407836914,True
1583,360,1,0.006552696228027344,False
1584,370,1,0.005825996398925781,True
1585,370,1,0.006656646728515625,False
1586,380,1,0.005960702896118164,True
1587,380,1,0.006958723068237305,False
1588,390,1,0.006154060363769531,True
1589,390,1,0.0070879459381103516,False
1590,400,1,0.0061299800872802734,True
1591,400,1,0.007349491119384766,False
1592,410,1,0.00670313835144043,True
1593,410,1,0.007429361343383789,False
1594,420,1,0.0064966678619384766,True
1595,420,1,0.0077211856842041016,False
1596,430,1,0.006846189498901367,True
1597,430,1,0.00786447525024414,False
1598,440,1,0.006667375564575195,True
1599,440,1,0.007827043533325195,False
1600,450,1,0.0066623687744140625,True
1601,450,1,0.007840871810913086,False
1602,460,1,0.006925821304321289,True
1603,460,1,0.008147716522216797,False
1604,470,1,0.0071337223052978516,True
1605,470,1,0.008240699768066406,False
1606,480,1,0.0072383880615234375,True
1607,480,1,0.008408069610595703,False
1608,490,1,0.007357358932495117,True
1609,490,1,0.008537530899047852,False
1610,500,1,0.007095813751220703,True
1611,500,1,0.008615970611572266,False
1612,510,1,0.007835626602172852,True
1613,510,1,0.009263038635253906,False
1614,520,1,0.00804591178894043,True
1615,520,1,0.009242057800292969,False
1616,530,1,0.008090019226074219,True
1617,530,1,0.009425163269042969,False
1618,540,1,0.008260488510131836,True
1619,540,1,0.009474515914916992,False
1620,550,1,0.0081634521484375,True
1621,550,1,0.009739398956298828,False
1622,560,1,0.008472919464111328,True
1623,560,1,0.009780168533325195,False
1624,570,1,0.008772850036621094,True
1625,570,1,0.009968757629394531,False
1626,580,1,0.008829593658447266,True
1627,580,1,0.010437488555908203,False
1628,590,1,0.008899450302124023,True
1629,590,1,0.010450363159179688,False
1630,600,1,0.009066581726074219,True
1631,600,1,0.010490655899047852,False
1632,610,1,0.009402751922607422,True
1633,610,1,0.010883569717407227,False
1634,620,1,0.009418249130249023,True
1635,620,1,0.011114358901977539,False
1636,630,1,0.009506464004516602,True
1637,630,1,0.01118326187133789,False
1638,640,1,0.009553194046020508,True
1639,640,1,0.011346817016601562,False
1640,650,1,0.009649276733398438,True
1641,650,1,0.011481285095214844,False
1642,660,1,0.009902715682983398,True
1643,660,1,0.01194620132446289,False
1644,670,1,0.010545730590820312,True
1645,670,1,0.012449026107788086,False
1646,680,1,0.010590791702270508,True
1647,680,1,0.012284994125366211,False
1648,690,1,0.010620355606079102,True
1649,690,1,0.012153863906860352,False
1650,700,1,0.010626792907714844,True
1651,700,1,0.012291431427001953,False
1652,710,1,0.011027336120605469,True
1653,710,1,0.012537240982055664,False
1654,720,1,0.01099252700805664,True
1655,720,1,0.012780904769897461,False
1656,730,1,0.011158943176269531,True
1657,730,1,0.012994050979614258,False
1658,740,1,0.011207818984985352,True
1659,740,1,0.013127803802490234,False
1660,750,1,0.011376380920410156,True
1661,750,1,0.01334071159362793,False
1662,760,1,0.011510372161865234,True
1663,760,1,0.013451814651489258,False
1664,770,1,0.011704206466674805,True
1665,770,1,0.013741016387939453,False
1666,780,1,0.012130498886108398,True
1667,780,1,0.013784408569335938,False
1668,790,1,0.01197957992553711,True
1669,790,1,0.013867378234863281,False
1670,800,1,0.012299299240112305,True
1671,800,1,0.014143228530883789,False
1672,810,1,0.012289762496948242,True
1673,810,1,0.01439523696899414,False
1674,820,1,0.012380838394165039,True
1675,820,1,0.014671564102172852,False
1676,830,1,0.012624502182006836,True
1677,830,1,0.014663219451904297,False
1678,840,1,0.012810230255126953,True
1679,840,1,0.015121698379516602,False
1680,850,1,0.013003110885620117,True
1681,850,1,0.015154838562011719,False
1682,860,1,0.01338958740234375,True
1683,860,1,0.01538395881652832,False
1684,870,1,0.013447761535644531,True
1685,870,1,0.015837907791137695,False
1686,880,1,0.013324975967407227,True
1687,880,1,0.01569843292236328,False
1688,890,1,0.013588190078735352,True
1689,890,1,0.015874147415161133,False
1690,900,1,0.014091253280639648,True
1691,900,1,0.01603984832763672,False
1692,910,1,0.01387786865234375,True
1693,910,1,0.015500783920288086,False
1694,920,1,0.013168096542358398,True
1695,920,1,0.015502691268920898,False
1696,930,1,0.013401508331298828,True
1697,930,1,0.01565861701965332,False
1698,940,1,0.01374506950378418,True
1699,940,1,0.015944480895996094,False
1700,950,1,0.013455867767333984,True
1701,950,1,0.01578974723815918,False
1702,960,1,0.013527870178222656,True
1703,960,1,0.016098737716674805,False
1704,970,1,0.013748407363891602,True
1705,970,1,0.01615595817565918,False
1706,980,1,0.014257669448852539,True
1707,980,1,0.016463041305541992,False
1708,990,1,0.014169931411743164,True
1709,990,1,0.016615629196166992,False
1710,50,1,0.0006864070892333984,True
1711,50,1,0.0007767677307128906,False
1712,60,1,0.0008466243743896484,True
1713,60,1,0.0009317398071289062,False
1714,70,1,0.0009140968322753906,True
1715,70,1,0.0011184215545654297,False
1716,80,1,0.001043081283569336,True
1717,80,1,0.0012202262878417969,False
1718,90,1,0.0011887550354003906,True
1719,90,1,0.0013649463653564453,False
1720,100,1,0.0012698173522949219,True
1721,100,1,0.001537322998046875,False
1722,110,1,0.0014224052429199219,True
1723,110,1,0.0016634464263916016,False
1724,120,1,0.0016052722930908203,True
1725,120,1,0.0018379688262939453,False
1726,130,1,0.0018014907836914062,True
1727,130,1,0.002061128616333008,False
1728,140,1,0.001859903335571289,True
1729,140,1,0.0021829605102539062,False
1730,150,1,0.0019388198852539062,True
1731,150,1,0.0023224353790283203,False
1732,160,1,0.002143383026123047,True
1733,160,1,0.0024924278259277344,False
1734,170,1,0.0023064613342285156,True
1735,170,1,0.0026941299438476562,False
1736,180,1,0.0023758411407470703,True
1737,180,1,0.0027375221252441406,False
1738,190,1,0.0025556087493896484,True
1739,190,1,0.002904176712036133,False
1740,200,1,0.002750396728515625,True
1741,200,1,0.0030829906463623047,False
1742,210,1,0.002904653549194336,True
1743,210,1,0.0032405853271484375,False
1744,220,1,0.002961874008178711,True
1745,220,1,0.0034852027893066406,False
1746,230,1,0.0030639171600341797,True
1747,230,1,0.0036542415618896484,False
1748,240,1,0.0032498836517333984,True
1749,240,1,0.003758668899536133,False
1750,250,1,0.0034139156341552734,True
1751,250,1,0.0038809776306152344,False
1752,260,1,0.00347137451171875,True
1753,260,1,0.004100799560546875,False
1754,270,1,0.003651142120361328,True
1755,270,1,0.004239082336425781,False
1756,280,1,0.003781557083129883,True
1757,280,1,0.004461765289306641,False
1758,290,1,0.0039937496185302734,True
1759,290,1,0.004609107971191406,False
1760,300,1,0.004102945327758789,True
1761,300,1,0.004731893539428711,False
1762,310,1,0.004266023635864258,True
1763,310,1,0.004981279373168945,False
1764,320,1,0.004448413848876953,True
1765,320,1,0.0051004886627197266,False
1766,330,1,0.004600048065185547,True
1767,330,1,0.00534367561340332,False
1768,340,1,0.004858970642089844,True
1769,340,1,0.0060918331146240234,False
1770,350,1,0.005370616912841797,True
1771,350,1,0.006208181381225586,False
1772,360,1,0.0053365230560302734,True
1773,360,1,0.006249666213989258,False
1774,370,1,0.005406618118286133,True
1775,370,1,0.0062868595123291016,False
1776,380,1,0.005701303482055664,True
1777,380,1,0.006465435028076172,False
1778,390,1,0.005864381790161133,True
1779,390,1,0.0067043304443359375,False
1780,400,1,0.005973100662231445,True
1781,400,1,0.006944417953491211,False
1782,410,1,0.006114006042480469,True
1783,410,1,0.007108211517333984,False
1784,420,1,0.006329536437988281,True
1785,420,1,0.0072443485260009766,False
1786,430,1,0.00624394416809082,True
1787,430,1,0.007261514663696289,False
1788,440,1,0.0065228939056396484,True
1789,440,1,0.0071563720703125,False
1790,450,1,0.006330251693725586,True
1791,450,1,0.007550716400146484,False
1792,460,1,0.006507158279418945,True
1793,460,1,0.007662057876586914,False
1794,470,1,0.006646394729614258,True
1795,470,1,0.007755279541015625,False
1796,480,1,0.0067903995513916016,True
1797,480,1,0.007986068725585938,False
1798,490,1,0.006951332092285156,True
1799,490,1,0.00810551643371582,False
1800,500,1,0.007169485092163086,True
1801,500,1,0.008245468139648438,False
1802,510,1,0.007338285446166992,True
1803,510,1,0.008560895919799805,False
1804,520,1,0.007379770278930664,True
1805,520,1,0.008535623550415039,False
1806,530,1,0.007448673248291016,True
1807,530,1,0.008729934692382812,False
1808,540,1,0.0076944828033447266,True
1809,540,1,0.008987188339233398,False
1810,550,1,0.007854700088500977,True
1811,550,1,0.009093284606933594,False
1812,560,1,0.007898807525634766,True
1813,560,1,0.009627342224121094,False
1814,570,1,0.008502483367919922,True
1815,570,1,0.009626150131225586,False
1816,580,1,0.008619546890258789,True
1817,580,1,0.009834766387939453,False
1818,590,1,0.008380651473999023,True
1819,590,1,0.009899616241455078,False
1820,600,1,0.008627176284790039,True
1821,600,1,0.011354207992553711,False
1822,610,1,0.00904226303100586,True
1823,610,1,0.010888338088989258,False
1824,620,1,0.010429143905639648,True
1825,620,1,0.011341333389282227,False
1826,630,1,0.010255813598632812,True
1827,630,1,0.01171255111694336,False
1828,640,1,0.010954618453979492,True
1829,640,1,0.011703014373779297,False
1830,650,1,0.009761571884155273,True
1831,650,1,0.010976791381835938,False
1832,660,1,0.009404659271240234,True
1833,660,1,0.011156797409057617,False
1834,670,1,0.00967717170715332,True
1835,670,1,0.012258768081665039,False
1836,680,1,0.009771347045898438,True
1837,680,1,0.011400461196899414,False
1838,690,1,0.009865999221801758,True
1839,690,1,0.011531591415405273,False
1840,700,1,0.010082244873046875,True
1841,700,1,0.011750459671020508,False
1842,710,1,0.010152816772460938,True
1843,710,1,0.011820077896118164,False
1844,720,1,0.010477066040039062,True
1845,720,1,0.012115955352783203,False
1846,730,1,0.010776519775390625,True
1847,730,1,0.012397050857543945,False
1848,740,1,0.011188983917236328,True
1849,740,1,0.012539386749267578,False
1850,750,1,0.011763811111450195,True
1851,750,1,0.013574361801147461,False
1852,760,1,0.012336492538452148,True
1853,760,1,0.013983488082885742,False
1854,770,1,0.01192617416381836,True
1855,770,1,0.013569355010986328,False
1856,780,1,0.0120086669921875,True
1857,780,1,0.014212369918823242,False
1858,790,1,0.012711286544799805,True
1859,790,1,0.014532089233398438,False
1860,800,1,0.012891530990600586,True
1861,800,1,0.014884233474731445,False
1862,810,1,0.012682914733886719,True
1863,810,1,0.014528036117553711,False
1864,820,1,0.01267552375793457,True
1865,820,1,0.014758586883544922,False
1866,830,1,0.012343645095825195,True
1867,830,1,0.013826370239257812,False
1868,840,1,0.013886213302612305,True
1869,840,1,0.015429258346557617,False
1870,850,1,0.013227701187133789,True
1871,850,1,0.015321731567382812,False
1872,860,1,0.013249635696411133,True
1873,860,1,0.015243053436279297,False
1874,870,1,0.013576030731201172,True
1875,870,1,0.015903234481811523,False
1876,880,1,0.013708114624023438,True
1877,880,1,0.016008377075195312,False
1878,890,1,0.013679981231689453,True
1879,890,1,0.015671491622924805,False
1880,900,1,0.013573884963989258,True
1881,900,1,0.016042232513427734,False
1882,910,1,0.01388406753540039,True
1883,910,1,0.01624894142150879,False
1884,920,1,0.01423335075378418,True
1885,920,1,0.01651620864868164,False
1886,930,1,0.01421356201171875,True
1887,930,1,0.016549348831176758,False
1888,940,1,0.014185190200805664,True
1889,940,1,0.0168759822845459,False
1890,950,1,0.014819622039794922,True
1891,950,1,0.016540050506591797,False
1892,960,1,0.014127016067504883,True
1893,960,1,0.016251087188720703,False
1894,970,1,0.014081239700317383,True
1895,970,1,0.016223907470703125,False
1896,980,1,0.014030694961547852,True
1897,980,1,0.016507625579833984,False
1898,990,1,0.014163494110107422,True
1899,990,1,0.016698122024536133,False
